"Locus","Group","Dist"
"avgbs_100.1.64","Mrg21",205.7
"avgbs_10004.1.9","Mrg15",31.3
"avgbs_100079.1.51","Mrg20",147.3
"avgbs_100100.1.64","Mrg06",98.5
"avgbs_10012.1.33","Mrg03",37.1
"avgbs_100130.1.43","Mrg01",52.6
"avgbs_100138.1.18","Mrg08",142
"avgbs_100334.1.14","Mrg18",42.1
"avgbs_100518.1.10","Mrg15",35.1
"avgbs_100543.1.9","Mrg08",61.2
"avgbs_100544.1.29","Mrg21",27.3
"avgbs_100573.1.40","Mrg06",18.8
"avgbs_10060.1.36","Mrg06",28.1
"avgbs_100653.1.9","Mrg11",7.2
"avgbs_100660.1.50","Mrg21",203.9
"avgbs_100830.1.37","Mrg17",31.8
"avgbs_100875.1.33","Mrg24",41.8
"avgbs_10092.1.57","Mrg20",214.5
"avgbs_100920.1.60","Mrg19",49.8
"avgbs_100922.1.13","Mrg17",37.3
"avgbs_101134.1.33","Mrg02",67.4
"avgbs_10121.1.24","Mrg19",64.7
"avgbs_101226.1.46","Mrg09",86.8
"avgbs_101243.1.45","Mrg17",97.7
"avgbs_101302.1.39","Mrg23",62.1
"avgbs_101340.1.33","Mrg20",198.1
"avgbs_101383.1.46","Mrg08",71.1
"avgbs_101443.1.41","Mrg01",105.9
"avgbs_1015.1.63","Mrg17",34
"avgbs_101573.1.48","Mrg28",28
"avgbs_101583.1.41","Mrg17",85.3
"avgbs_101665.1.38","Mrg18",16.5
"avgbs_101742.1.28","Mrg23",57.8
"avgbs_10179.1.63","Mrg09",13.8
"avgbs_1018.1.47","Mrg18",42
"avgbs_101867.1.47","Mrg06",116
"avgbs_102016.1.10","Mrg03",50.9
"avgbs_102137.1.60","Mrg08",134.1
"avgbs_102221.1.53","Mrg17",33.2
"avgbs_102228.1.59","Mrg21",125.8
"avgbs_102256.1.61","Mrg23",48.3
"avgbs_102354.1.46","Mrg17",49.9
"avgbs_102363.1.17","Mrg13",60
"avgbs_102449.1.34","Mrg17",112.4
"avgbs_102612.1.40","Mrg28",43.8
"avgbs_102627.1.16","Mrg01",108.4
"avgbs_102674.1.21","Mrg28",31.8
"avgbs_102716.1.56","Mrg13",106.5
"avgbs_102808.1.28","Mrg28",20.3
"avgbs_103101.1.27","Mrg18",36.2
"avgbs_103146.1.14","Mrg20",226.6
"avgbs_103284.1.60","Mrg05",50.5
"avgbs_103330.1.8","Mrg09",44.7
"avgbs_103432.1.10","Mrg28",79.8
"avgbs_103601.1.46","Mrg01",117.4
"avgbs_103663.1.13","Mrg09",42.6
"avgbs_10371.1.9","Mrg08",146.1
"avgbs_103793.1.24","Mrg15",52.7
"avgbs_103822.1.30","Mrg05",56.5
"avgbs_103831.1.16","Mrg20",138.5
"avgbs_103966.1.16","Mrg15",32.7
"avgbs_103975.1.39","Mrg21",28.3
"avgbs_10401.1.62","Mrg06",25.2
"avgbs_10419.1.26","Mrg01",83.9
"avgbs_10420.1.53","Mrg28",20.3
"avgbs_104201.1.36","Mrg12",44.5
"avgbs_104350.1.27","Mrg05",111.6
"avgbs_104361.1.20","Mrg11",69.5
"avgbs_104366.1.22","Mrg19",70.1
"avgbs_10437.1.35","Mrg17",92.5
"avgbs_104397.1.51","Mrg17",32.2
"avgbs_104405.1.22","Mrg08",153.1
"avgbs_104588.1.19","Mrg21",205.7
"avgbs_104621.1.63","Mrg05",27.4
"avgbs_104628.1.46","Mrg24",78.6
"avgbs_104666.1.47","Mrg01",45
"avgbs_104679.1.37","Mrg17",75.6
"avgbs_104801.1.38","Mrg18",32.5
"avgbs_10481.1.35","Mrg20",120.1
"avgbs_10496.1.40","Mrg13",60
"avgbs_10497.1.7","Mrg11",31
"avgbs_104996.1.40","Mrg17",49.4
"avgbs_105103.1.34","Mrg19",49.8
"avgbs_105110.1.43","Mrg11",106.7
"avgbs_105180.1.43","Mrg08",144.6
"avgbs_105234.1.24","Mrg19",4
"avgbs_105272.1.46","Mrg21",205.7
"avgbs_105463.1.20","Mrg17",110.4
"avgbs_105639.1.12","Mrg33",37.6
"avgbs_10565.1.54","Mrg17",78.9
"avgbs_10569.1.14","Mrg05",130.9
"avgbs_10571.1.51","Mrg11",8.8
"avgbs_10572.1.18","Mrg13",41.6
"avgbs_105744.1.48","Mrg17",68.5
"avgbs_105759.1.49","Mrg15",16.4
"avgbs_105825.1.49","Mrg05",83.2
"avgbs_105847.1.14","Mrg23",57.8
"avgbs_105848.1.51","Mrg13",60
"avgbs_105878.1.11","Mrg18",40
"avgbs_105921.1.39","Mrg23",64.6
"avgbs_105954.1.32","Mrg28",31.8
"avgbs_106021.1.48","Mrg05",48.2
"avgbs_106057.1.19","Mrg06",33.7
"avgbs_10618.1.19","Mrg33",82
"avgbs_106242.1.10","Mrg01",80.9
"avgbs_106243.1.63","Mrg24",41.8
"avgbs_106265.1.19","Mrg20",120.1
"avgbs_10627.1.18","Mrg04",32.7
"avgbs_106272.1.21","Mrg15",22
"avgbs_106371.1.16","Mrg02",87.3
"avgbs_106374.1.44","Mrg17",50.8
"avgbs_106376.1.44","Mrg05",98.3
"avgbs_10638.1.46","Mrg01",103.1
"avgbs_106518.1.49","Mrg11",67.5
"avgbs_106529.1.15","Mrg13",66
"avgbs_106604.1.7","Mrg19",49.8
"avgbs_106646.1.26","Mrg01",71.9
"avgbs_10668.1.63","Mrg15",27.2
"avgbs_106717.1.59","Mrg11",48.8
"avgbs_106725.1.40","Mrg05",83.2
"avgbs_106735.1.11","Mrg28",43.8
"avgbs_106815.1.53","Mrg24",41
"avgbs_10682.1.47","Mrg17",24.5
"avgbs_106841.1.50","Mrg02",85.2
"avgbs_106887.1.36","Mrg09",91.9
"avgbs_106941.1.33","Mrg23",57.8
"avgbs_106964.1.9","Mrg15",35.1
"avgbs_107010.1.10","Mrg21",27.3
"avgbs_107017.1.27","Mrg15",18
"avgbs_107070.1.27","Mrg02",87.3
"avgbs_107197.1.9","Mrg23",57.8
"avgbs_107217.1.30","Mrg20",218.3
"avgbs_107328.1.50","Mrg09",116.2
"avgbs_107338.1.7","Mrg11",86.9
"avgbs_107340.1.38","Mrg03",101.6
"avgbs_107357.1.48","Mrg15",52.7
"avgbs_107386.1.22","Mrg15",52.7
"avgbs_107394.1.14","Mrg03",25.4
"avgbs_107426.1.9","Mrg28",79.1
"avgbs_107453.1.62","Mrg19",55.4
"avgbs_107460.1.48","Mrg13",71.4
"avgbs_107497.1.42","Mrg15",35.1
"avgbs_107597.1.31","Mrg03",65
"avgbs_107605.1.22","Mrg17",36.6
"avgbs_107698.1.30","Mrg19",49.8
"avgbs_107744.1.8","Mrg20",208.9
"avgbs_107834.1.46","Mrg20",195.3
"avgbs_107847.1.31","Mrg03",129.9
"avgbs_107878.1.7","Mrg20",19.6
"avgbs_10789.1.59","Mrg21",172
"avgbs_107910.1.32","Mrg23",39.2
"avgbs_107976.1.33","Mrg19",54.8
"avgbs_107992.1.37","Mrg05",41.5
"avgbs_108120.1.54","Mrg05",127.5
"avgbs_108180.1.43","Mrg21",28.3
"avgbs_10827.1.46","Mrg33",64
"avgbs_108395.1.49","Mrg03",9
"avgbs_108418.1.63","Mrg08",58
"avgbs_108419.1.64","Mrg15",72.6
"avgbs_10849.1.39","Mrg21",142
"avgbs_108575.1.42","Mrg08",58
"avgbs_10862.1.14","Mrg15",15
"avgbs_10863.1.47","Mrg20",198.5
"avgbs_108649.1.11","Mrg11",8.8
"avgbs_108658.1.21","Mrg20",147.3
"avgbs_108659.1.44","Mrg21",28.3
"avgbs_108663.1.20","Mrg11",4.6
"avgbs_108681.1.60","Mrg01",39.3
"avgbs_108692.1.38","Mrg21",181.1
"avgbs_108753.1.23","Mrg33",37.3
"avgbs_108756.1.43","Mrg06",57.2
"avgbs_108758.1.32","Mrg13",73.6
"avgbs_108794.1.8","Mrg11",8.8
"avgbs_10880.1.9","Mrg08",142
"avgbs_108818.1.34","Mrg18",14.3
"avgbs_10882.1.36","Mrg05",82
"avgbs_108878.1.63","Mrg13",71.4
"avgbs_108887.1.19","Mrg01",136.5
"avgbs_108895.1.20","Mrg15",22
"avgbs_108953.1.30","Mrg11",8.8
"avgbs_108975.1.35","Mrg02",87.3
"avgbs_109.1.42","Mrg15",31.3
"avgbs_109002.1.11","Mrg15",26.4
"avgbs_109004.1.7","Mrg13",60
"avgbs_109028.1.16","Mrg06",51.3
"avgbs_10904.1.12","Mrg17",89.4
"avgbs_109068.1.49","Mrg20",184.2
"avgbs_109074.1.53","Mrg01",23.8
"avgbs_109116.1.47","Mrg05",114.7
"avgbs_109117.1.22","Mrg06",102.3
"avgbs_10912.1.16","Mrg17",10.5
"avgbs_109124.1.19","Mrg20",231.4
"avgbs_109193.1.21","Mrg02",87.3
"avgbs_109439.1.17","Mrg17",88.8
"avgbs_109455.1.38","Mrg03",25.4
"avgbs_109473.1.7","Mrg06",108.4
"avgbs_109532.1.25","Mrg17",32.2
"avgbs_109553.1.40","Mrg24",41.8
"avgbs_109611.1.16","Mrg33",44.2
"avgbs_109631.1.42","Mrg15",72.9
"avgbs_10969.1.46","Mrg17",83.9
"avgbs_1097.1.24","Mrg20",120.1
"avgbs_109756.1.39","Mrg15",35.1
"avgbs_109777.1.13","Mrg03",25
"avgbs_109799.1.19","Mrg13",44.6
"avgbs_109814.1.32","Mrg23",69.1
"avgbs_109843.1.63","Mrg17",62.4
"avgbs_109852.1.30","Mrg17",100.7
"avgbs_109927.1.14","Mrg08",153.1
"avgbs_109948.1.33","Mrg19",66.1
"avgbs_109949.1.35","Mrg12",25
"avgbs_109986.1.23","Mrg05",42.9
"avgbs_110054.1.50","Mrg09",73.5
"avgbs_110071.1.23","Mrg24",41.8
"avgbs_110072.1.60","Mrg13",62.6
"avgbs_110253.1.61","Mrg06",53.8
"avgbs_110262.1.14","Mrg02",73.3
"avgbs_110277.1.7","Mrg03",128.6
"avgbs_110287.1.25","Mrg33",65.9
"avgbs_110306.1.10","Mrg02",87.3
"avgbs_110323.1.13","Mrg17",34
"avgbs_110326.1.28","Mrg13",39.4
"avgbs_11034.1.51","Mrg33",28.3
"avgbs_110374.1.40","Mrg17",63.2
"avgbs_110493.1.15","Mrg01",83.9
"avgbs_110504.1.31","Mrg03",37.1
"avgbs_110529.1.18","Mrg09",43.4
"avgbs_110539.1.42","Mrg17",75.6
"avgbs_110564.1.25","Mrg09",48.2
"avgbs_110567.1.56","Mrg21",27.3
"avgbs_110603.1.46","Mrg21",181.1
"avgbs_110614.1.49","Mrg28",36.8
"avgbs_110624.1.41","Mrg02",87.3
"avgbs_110630.1.24","Mrg01",56.5
"avgbs_110633.1.44","Mrg23",57.8
"avgbs_110647.1.50","Mrg03",18.6
"avgbs_110679.1.50","Mrg28",36.8
"avgbs_1107.1.19","Mrg11",12.3
"avgbs_110738.1.58","Mrg11",8.8
"avgbs_11074.1.43","Mrg03",20.3
"avgbs_110740.1.24","Mrg09",112
"avgbs_11077.1.9","Mrg03",77.8
"avgbs_110773.1.7","Mrg09",86.1
"avgbs_110783.1.25","Mrg01",83.9
"avgbs_110790.1.44","Mrg13",61.3
"avgbs_110804.1.56","Mrg05",56.5
"avgbs_110867.1.49","Mrg09",43.4
"avgbs_110890.1.62","Mrg05",8.8
"avgbs_110914.1.27","Mrg13",106.5
"avgbs_110930.1.58","Mrg24",69.6
"avgbs_110939.1.48","Mrg03",40.7
"avgbs_110942.1.25","Mrg02",87.3
"avgbs_111000.1.25","Mrg19",49.8
"avgbs_111008.1.15","Mrg13",35.9
"avgbs_111053.1.44","Mrg24",45
"avgbs_111156.1.20","Mrg20",147.3
"avgbs_111208.1.17","Mrg11",54
"avgbs_111219.1.61","Mrg17",49.4
"avgbs_111260.1.51","Mrg09",79.7
"avgbs_11137.1.28","Mrg23",74.4
"avgbs_111376.1.37","Mrg08",142
"avgbs_111450.1.50","Mrg13",36.7
"avgbs_111455.1.48","Mrg03",82.8
"avgbs_111466.1.63","Mrg13",73.1
"avgbs_111522.1.58","Mrg03",124.3
"avgbs_111545.1.55","Mrg03",50.1
"avgbs_111630.1.26","Mrg19",49.8
"avgbs_111687.1.16","Mrg02",85
"avgbs_111695.1.18","Mrg23",30.2
"avgbs_111717.1.24","Mrg17",36.6
"avgbs_111743.1.21","Mrg17",78.9
"avgbs_111778.1.34","Mrg13",35.9
"avgbs_111779.1.23","Mrg05",92.9
"avgbs_111823.1.36","Mrg11",54
"avgbs_111870.1.38","Mrg01",92
"avgbs_111921.1.24","Mrg02",118.5
"avgbs_11205.1.29","Mrg03",104.3
"avgbs_112129.1.44","Mrg11",51
"avgbs_112130.1.15","Mrg33",27.1
"avgbs_112178.1.33","Mrg15",50.3
"avgbs_112278.1.44","Mrg15",72.9
"avgbs_112355.1.13","Mrg05",114.7
"avgbs_112364.1.25","Mrg19",45.4
"avgbs_112365.1.22","Mrg23",46.3
"avgbs_112369.1.30","Mrg19",49.8
"avgbs_112377.1.50","Mrg01",57.2
"avgbs_11239.1.52","Mrg04",44.7
"avgbs_112390.1.46","Mrg01",110.8
"avgbs_11240.1.47","Mrg21",180.4
"avgbs_112401.1.40","Mrg01",109
"avgbs_11250.1.54","Mrg28",43.8
"avgbs_112514.1.36","Mrg15",21.4
"avgbs_112603.1.61","Mrg06",54.4
"avgbs_112697.1.38","Mrg24",23.1
"avgbs_112719.1.47","Mrg09",64.7
"avgbs_112738.1.56","Mrg08",62.4
"avgbs_112850.1.49","Mrg09",78.3
"avgbs_112898.1.18","Mrg28",20.3
"avgbs_112938.1.46","Mrg01",108.4
"avgbs_112940.1.56","Mrg17",31.2
"avgbs_112947.1.31","Mrg15",23.6
"avgbs_112972.1.28","Mrg03",53.9
"avgbs_112977.1.62","Mrg06",102.3
"avgbs_113001.1.25","Mrg09",125.7
"avgbs_113023.1.58","Mrg03",129.9
"avgbs_113050.1.12","Mrg02",87.3
"avgbs_11326.1.18","Mrg05",50.5
"avgbs_113329.1.7","Mrg15",72.9
"avgbs_113334.1.15","Mrg08",121.2
"avgbs_11341.1.62","Mrg09",44.7
"avgbs_113590.1.16","Mrg20",249.7
"avgbs_113620.1.43","Mrg33",26.3
"avgbs_113658.1.31","Mrg13",46.4
"avgbs_113703.1.16","Mrg09",138.3
"avgbs_113724.1.8","Mrg17",63.1
"avgbs_113735.1.59","Mrg13",46.4
"avgbs_113757.1.52","Mrg21",128.4
"avgbs_113760.1.28","Mrg17",37.3
"avgbs_113770.1.24","Mrg33",65.9
"avgbs_113786.1.26","Mrg04",44.7
"avgbs_113824.1.61","Mrg02",87.3
"avgbs_113838.1.48","Mrg04",55.8
"avgbs_113841.1.36","Mrg08",81.4
"avgbs_113853.1.15","Mrg20",185.4
"avgbs_114090.1.20","Mrg06",70.5
"avgbs_114096.1.50","Mrg06",108.8
"avgbs_114097.1.9","Mrg17",63.3
"avgbs_114122.1.54","Mrg06",38
"avgbs_11416.1.38","Mrg12",63.5
"avgbs_114170.1.11","Mrg03",80.3
"avgbs_114187.1.21","Mrg15",35.1
"avgbs_114206.1.59","Mrg17",39.8
"avgbs_114277.1.43","Mrg01",64.8
"avgbs_114294.1.13","Mrg03",63.6
"avgbs_114369.1.56","Mrg15",25.9
"avgbs_114373.1.36","Mrg09",93
"avgbs_114491.1.40","Mrg15",35.1
"avgbs_114541.1.39","Mrg04",37.9
"avgbs_114613.1.46","Mrg06",102.3
"avgbs_114636.1.44","Mrg15",35.1
"avgbs_114648.1.63","Mrg08",156.8
"avgbs_114653.1.19","Mrg17",34
"avgbs_114668.1.53","Mrg08",137.4
"avgbs_114676.1.49","Mrg13",74
"avgbs_114691.1.64","Mrg17",75.6
"avgbs_114722.1.49","Mrg15",31.3
"avgbs_114763.1.43","Mrg20",243.9
"avgbs_114773.1.47","Mrg01",92.3
"avgbs_114776.1.56","Mrg18",36.2
"avgbs_114777.1.26","Mrg21",199.4
"avgbs_11478.1.57","Mrg13",31
"avgbs_114784.1.9","Mrg20",226.6
"avgbs_114952.1.16","Mrg11",45.6
"avgbs_114976.1.16","Mrg02",87.3
"avgbs_114982.1.64","Mrg23",60.4
"avgbs_114987.1.47","Mrg08",121.2
"avgbs_115010.1.20","Mrg01",45
"avgbs_115083.1.39","Mrg09",50.9
"avgbs_115091.1.62","Mrg09",111.7
"avgbs_115108.1.40","Mrg21",27.3
"avgbs_115117.1.34","Mrg09",73.5
"avgbs_115135.1.9","Mrg03",50.5
"avgbs_115137.1.54","Mrg06",67.6
"avgbs_115193.1.42","Mrg15",26.4
"avgbs_115199.1.21","Mrg24",23.1
"avgbs_115202.1.60","Mrg13",42.1
"avgbs_115256.1.32","Mrg01",114.5
"avgbs_1153.1.63","Mrg13",42.1
"avgbs_115302.1.12","Mrg17",84.3
"avgbs_115362.1.10","Mrg15",87.2
"avgbs_115432.1.19","Mrg09",49.2
"avgbs_115512.1.17","Mrg15",72.9
"avgbs_115533.1.46","Mrg09",42.6
"avgbs_115640.1.18","Mrg11",48.8
"avgbs_115650.1.30","Mrg01",32.9
"avgbs_115721.1.46","Mrg24",5.4
"avgbs_11575.1.25","Mrg13",32.8
"avgbs_115756.1.11","Mrg01",105.9
"avgbs_115789.1.23","Mrg03",120.1
"avgbs_115857.1.52","Mrg21",213.7
"avgbs_115950.1.42","Mrg15",58.2
"avgbs_116021.1.47","Mrg24",41.8
"avgbs_116088.1.13","Mrg09",84.9
"avgbs_116123.1.8","Mrg28",59.2
"avgbs_116164.1.52","Mrg17",83.9
"avgbs_116165.1.55","Mrg15",35.1
"avgbs_116254.1.62","Mrg03",53.9
"avgbs_116290.1.26","Mrg02",81.5
"avgbs_116301.1.11","Mrg09",49.2
"avgbs_116329.1.39","Mrg13",67.8
"avgbs_116335.1.28","Mrg13",49.8
"avgbs_116468.1.8","Mrg21",125.8
"avgbs_116510.1.34","Mrg03",62.7
"avgbs_116613.1.10","Mrg05",9.7
"avgbs_116623.1.15","Mrg28",75.4
"avgbs_116683.1.36","Mrg03",75.8
"avgbs_116690.1.35","Mrg13",65.6
"avgbs_116786.1.33","Mrg23",49.5
"avgbs_116791.1.33","Mrg17",32.8
"avgbs_116795.1.25","Mrg09",125.7
"avgbs_116834.1.53","Mrg03",46.3
"avgbs_116891.1.44","Mrg15",77.5
"avgbs_116906.1.55","Mrg05",57.3
"avgbs_116951.1.14","Mrg24",36.9
"avgbs_117003.1.17","Mrg03",53.9
"avgbs_117009.1.56","Mrg03",65
"avgbs_117021.1.57","Mrg23",57.8
"avgbs_117090.1.10","Mrg11",54
"avgbs_117101.1.43","Mrg15",27.2
"avgbs_117163.1.53","Mrg15",27.2
"avgbs_11723.1.59","Mrg21",122.8
"avgbs_117254.1.22","Mrg03",47.7
"avgbs_117283.1.51","Mrg09",111.3
"avgbs_117341.1.53","Mrg33",58.2
"avgbs_117348.1.56","Mrg17",89.4
"avgbs_117382.1.30","Mrg03",103.3
"avgbs_117384.1.38","Mrg09",73.5
"avgbs_117484.1.34","Mrg21",142
"avgbs_117650.1.49","Mrg04",51
"avgbs_117651.1.12","Mrg11",86.9
"avgbs_117667.1.18","Mrg01",21.7
"avgbs_117800.1.59","Mrg03",50.5
"avgbs_117841.1.50","Mrg06",116
"avgbs_117863.1.31","Mrg04",17.5
"avgbs_117942.1.44","Mrg13",41.6
"avgbs_118051.1.17","Mrg09",103.8
"avgbs_118072.1.19","Mrg13",31
"avgbs_118082.1.26","Mrg03",44.6
"avgbs_118117.1.64","Mrg05",56.5
"avgbs_118168.1.38","Mrg08",32.1
"avgbs_118180.1.62","Mrg09",44.7
"avgbs_118197.1.50","Mrg01",36.4
"avgbs_118202.1.52","Mrg17",87.8
"avgbs_118279.1.38","Mrg21",27.3
"avgbs_118285.1.52","Mrg08",62.4
"avgbs_118291.1.41","Mrg11",108.6
"avgbs_118301.1.16","Mrg19",49.8
"avgbs_118413.1.53","Mrg17",56.5
"avgbs_118428.1.20","Mrg13",35.9
"avgbs_118437.1.45","Mrg19",50
"avgbs_118448.1.22","Mrg15",29.4
"avgbs_118451.1.23","Mrg21",148.2
"avgbs_118461.1.53","Mrg05",44.2
"avgbs_118483.1.54","Mrg13",62.4
"avgbs_118512.1.14","Mrg11",54
"avgbs_118540.1.10","Mrg15",27.2
"avgbs_118589.1.26","Mrg03",73.1
"avgbs_11860.1.52","Mrg24",78.6
"avgbs_11862.1.18","Mrg06",18.8
"avgbs_118634.1.12","Mrg01",82.8
"avgbs_118666.1.41","Mrg12",104.4
"avgbs_119002.1.56","Mrg15",10.3
"avgbs_119096.1.54","Mrg33",42.9
"avgbs_119157.1.24","Mrg02",87.3
"avgbs_119168.1.40","Mrg17",84.3
"avgbs_119183.1.14","Mrg23",53.7
"avgbs_119248.1.39","Mrg15",52
"avgbs_119258.1.20","Mrg13",42.1
"avgbs_119264.1.37","Mrg06",29.7
"avgbs_119304.1.27","Mrg21",122.8
"avgbs_119323.1.43","Mrg01",74.4
"avgbs_11934.1.9","Mrg06",29.1
"avgbs_119356.1.61","Mrg08",20.4
"avgbs_119392.1.50","Mrg24",60.2
"avgbs_119403.1.57","Mrg03",75.8
"avgbs_119411.1.28","Mrg28",43.8
"avgbs_11942.1.42","Mrg06",45.2
"avgbs_119421.1.42","Mrg23",53.8
"avgbs_119436.1.31","Mrg17",63.3
"avgbs_119467.1.15","Mrg11",52.8
"avgbs_119474.1.59","Mrg18",18.1
"avgbs_119526.1.45","Mrg20",120.1
"avgbs_119576.1.9","Mrg13",8.6
"avgbs_119649.1.52","Mrg15",27.2
"avgbs_119712.1.45","Mrg20",21.5
"avgbs_119732.1.52","Mrg28",32.6
"avgbs_119891.1.13","Mrg17",100.3
"avgbs_119897.1.26","Mrg20",239.2
"avgbs_119941.1.12","Mrg02",85.2
"avgbs_119958.1.41","Mrg23",60.4
"avgbs_119966.1.32","Mrg04",44.7
"avgbs_119997.1.64","Mrg01",104
"avgbs_120017.1.28","Mrg01",108.4
"avgbs_120053.1.42","Mrg13",73.6
"avgbs_120060.1.20","Mrg09",44.7
"avgbs_120065.1.32","Mrg28",44.4
"avgbs_120076.1.53","Mrg21",130.4
"avgbs_120080.1.42","Mrg03",7.7
"avgbs_120130.1.47","Mrg09",44.7
"avgbs_120174.1.18","Mrg13",44.6
"avgbs_120322.1.60","Mrg33",59
"avgbs_120353.1.64","Mrg20",196.8
"avgbs_120362.1.37","Mrg06",37.4
"avgbs_120371.1.16","Mrg24",49
"avgbs_120378.1.14","Mrg04",29.7
"avgbs_120401.1.32","Mrg12",86
"avgbs_120404.1.21","Mrg03",9
"avgbs_120415.1.15","Mrg09",103.8
"avgbs_12044.1.35","Mrg01",108.2
"avgbs_120446.1.64","Mrg13",79.8
"avgbs_120481.1.50","Mrg17",78.9
"avgbs_120526.1.11","Mrg09",135.5
"avgbs_120549.1.11","Mrg28",52
"avgbs_120585.1.47","Mrg09",116.4
"avgbs_120629.1.47","Mrg20",216.9
"avgbs_120630.1.26","Mrg17",51.6
"avgbs_120648.1.62","Mrg24",74.8
"avgbs_120693.1.45","Mrg12",63.5
"avgbs_120698.1.15","Mrg05",10.6
"avgbs_120706.1.24","Mrg05",109.7
"avgbs_120738.1.64","Mrg20",181.6
"avgbs_120739.1.46","Mrg24",41.8
"avgbs_120754.1.46","Mrg13",49.9
"avgbs_120766.1.10","Mrg17",32.8
"avgbs_120781.1.43","Mrg11",60.5
"avgbs_120807.1.29","Mrg17",85.3
"avgbs_120830.1.50","Mrg04",49.2
"avgbs_120857.1.15","Mrg20",79.7
"avgbs_12091.1.49","Mrg13",114.6
"avgbs_120941.1.43","Mrg11",45.6
"avgbs_120946.1.64","Mrg33",43.5
"avgbs_120947.1.55","Mrg03",45
"avgbs_120996.1.37","Mrg03",36.4
"avgbs_121013.1.43","Mrg09",101.8
"avgbs_121027.1.47","Mrg21",3.2
"avgbs_121073.1.10","Mrg03",73.1
"avgbs_121088.1.44","Mrg09",84.9
"avgbs_12109.1.61","Mrg01",105.9
"avgbs_121103.1.57","Mrg05",56.5
"avgbs_121114.1.53","Mrg33",24.1
"avgbs_121120.1.11","Mrg33",38.4
"avgbs_121130.1.62","Mrg18",36.2
"avgbs_121169.1.24","Mrg01",21.7
"avgbs_121286.1.55","Mrg04",44.7
"avgbs_121340.1.44","Mrg09",43.4
"avgbs_121374.1.18","Mrg19",65.3
"avgbs_121395.1.18","Mrg21",25.5
"avgbs_121450.1.24","Mrg23",71.4
"avgbs_121475.1.18","Mrg01",108.4
"avgbs_121492.1.63","Mrg13",49.8
"avgbs_121511.1.50","Mrg12",41.4
"avgbs_121531.1.25","Mrg03",3.5
"avgbs_121542.1.26","Mrg21",32.1
"avgbs_121552.1.41","Mrg01",57.2
"avgbs_121555.1.58","Mrg01",64.8
"avgbs_121589.1.63","Mrg15",32.7
"avgbs_12160.1.39","Mrg06",51.7
"avgbs_121605.1.26","Mrg06",99.1
"avgbs_121607.1.61","Mrg23",57.8
"avgbs_121609.1.19","Mrg15",32.7
"avgbs_121695.1.29","Mrg20",177.8
"avgbs_1217.1.11","Mrg09",103.8
"avgbs_121703.1.64","Mrg02",23.2
"avgbs_121737.1.40","Mrg02",87.3
"avgbs_121809.1.61","Mrg23",57.8
"avgbs_121984.1.9","Mrg11",8.8
"avgbs_122056.1.8","Mrg02",87.6
"avgbs_122179.1.41","Mrg03",37.1
"avgbs_122207.1.52","Mrg28",54.2
"avgbs_12225.1.17","Mrg19",45.4
"avgbs_122252.1.32","Mrg18",16.5
"avgbs_122282.1.41","Mrg06",116
"avgbs_122292.1.52","Mrg09",132.7
"avgbs_122309.1.14","Mrg19",31.3
"avgbs_122366.1.43","Mrg15",35.1
"avgbs_122437.1.44","Mrg01",76.6
"avgbs_122447.1.41","Mrg15",35.1
"avgbs_122522.1.31","Mrg15",22
"avgbs_122525.1.18","Mrg05",41.6
"avgbs_122617.1.28","Mrg09",45.6
"avgbs_122697.1.55","Mrg05",130.9
"avgbs_122705.1.35","Mrg20",120.1
"avgbs_122791.1.47","Mrg01",105.9
"avgbs_122845.1.63","Mrg01",117.4
"avgbs_122898.1.28","Mrg11",32.4
"avgbs_122900.1.33","Mrg11",32
"avgbs_122908.1.31","Mrg24",23.1
"avgbs_122911.1.17","Mrg03",25.4
"avgbs_122942.1.35","Mrg17",68.5
"avgbs_122948.1.60","Mrg33",69
"avgbs_122956.1.19","Mrg15",58.2
"avgbs_122978.1.63","Mrg21",27.3
"avgbs_123016.1.40","Mrg17",19.5
"avgbs_123116.1.38","Mrg04",44.7
"avgbs_123123.1.28","Mrg03",128.6
"avgbs_123135.1.15","Mrg02",10.8
"avgbs_123178.1.29","Mrg28",61.4
"avgbs_123224.1.12","Mrg17",34
"avgbs_123238.1.57","Mrg02",85.2
"avgbs_123241.1.20","Mrg18",18.1
"avgbs_1233.1.45","Mrg01",117.4
"avgbs_123320.1.54","Mrg04",50
"avgbs_123327.1.40","Mrg18",42.1
"avgbs_123352.1.56","Mrg23",30.2
"avgbs_12340.1.32","Mrg15",58.2
"avgbs_12343.1.18","Mrg15",72.9
"avgbs_123579.1.33","Mrg03",40.3
"avgbs_123688.1.20","Mrg03",75.8
"avgbs_123691.1.20","Mrg15",33.5
"avgbs_123740.1.16","Mrg09",91.9
"avgbs_123763.1.24","Mrg17",33.2
"avgbs_123839.1.36","Mrg09",40.3
"avgbs_123845.1.40","Mrg03",45.7
"avgbs_123856.1.42","Mrg03",18.6
"avgbs_123902.1.56","Mrg19",70.1
"avgbs_123933.1.12","Mrg05",57.2
"avgbs_123973.1.56","Mrg09",36
"avgbs_124046.1.22","Mrg18",16.5
"avgbs_124047.1.25","Mrg03",73.1
"avgbs_124109.1.18","Mrg03",37.1
"avgbs_124110.1.36","Mrg05",114.7
"avgbs_124115.1.16","Mrg18",64.6
"avgbs_124127.1.31","Mrg13",39.4
"avgbs_124157.1.45","Mrg13",40.3
"avgbs_124191.1.40","Mrg08",123.6
"avgbs_124223.1.18","Mrg05",83.2
"avgbs_124224.1.16","Mrg13",66.4
"avgbs_124241.1.19","Mrg08",42.7
"avgbs_124273.1.43","Mrg01",102.8
"avgbs_124274.1.57","Mrg01",117.4
"avgbs_124282.1.64","Mrg13",42.1
"avgbs_124283.1.62","Mrg15",2.9
"avgbs_124299.1.42","Mrg15",8.2
"avgbs_124310.1.45","Mrg06",65
"avgbs_124331.1.16","Mrg03",80.2
"avgbs_124347.1.51","Mrg17",37.3
"avgbs_124388.1.63","Mrg03",37.1
"avgbs_124397.1.55","Mrg18",36.2
"avgbs_124462.1.54","Mrg05",130.9
"avgbs_124474.1.18","Mrg03",37.1
"avgbs_124482.1.56","Mrg01",45.1
"avgbs_124496.1.35","Mrg18",67.7
"avgbs_124507.1.27","Mrg06",63.2
"avgbs_124511.1.11","Mrg18",35.2
"avgbs_124566.1.16","Mrg17",92.5
"avgbs_124567.1.12","Mrg17",92.5
"avgbs_124585.1.38","Mrg13",42.1
"avgbs_124635.1.36","Mrg20",183.8
"avgbs_124641.1.11","Mrg13",42.1
"avgbs_124656.1.9","Mrg09",42.6
"avgbs_124659.1.49","Mrg24",41.8
"avgbs_124663.1.28","Mrg09",44.7
"avgbs_124680.1.35","Mrg03",72.7
"avgbs_124694.1.9","Mrg13",49.9
"avgbs_124720.1.43","Mrg17",110.4
"avgbs_124732.1.14","Mrg08",56.5
"avgbs_124817.1.38","Mrg21",3.2
"avgbs_124847.1.49","Mrg08",112.5
"avgbs_124853.1.29","Mrg28",11
"avgbs_124911.1.38","Mrg23",59.1
"avgbs_124991.1.19","Mrg15",32.7
"avgbs_125066.1.19","Mrg17",37.3
"avgbs_125072.1.39","Mrg13",39.5
"avgbs_125076.1.15","Mrg24",41.8
"avgbs_125095.1.58","Mrg19",49.8
"avgbs_125141.1.14","Mrg09",44.7
"avgbs_125149.1.40","Mrg06",116
"avgbs_125180.1.35","Mrg15",35.1
"avgbs_125210.1.59","Mrg05",125.1
"avgbs_125219.1.39","Mrg17",80.1
"avgbs_125235.1.37","Mrg12",35.3
"avgbs_125292.1.17","Mrg09",111.3
"avgbs_125332.1.13","Mrg17",88.8
"avgbs_125333.1.37","Mrg04",44.7
"avgbs_125424.1.40","Mrg33",65.9
"avgbs_125426.1.49","Mrg15",21.4
"avgbs_125430.1.60","Mrg15",58.2
"avgbs_125443.1.35","Mrg06",29.9
"avgbs_125451.1.14","Mrg21",158.4
"avgbs_125483.1.23","Mrg02",87.3
"avgbs_12552.1.22","Mrg11",22.3
"avgbs_125557.1.29","Mrg11",54
"avgbs_125646.1.33","Mrg13",39.4
"avgbs_125673.1.10","Mrg20",234.2
"avgbs_125682.1.54","Mrg28",43.8
"avgbs_125750.1.52","Mrg02",72.7
"avgbs_125774.1.18","Mrg08",121.2
"avgbs_125802.1.44","Mrg15",31.3
"avgbs_125803.1.26","Mrg17",32.2
"avgbs_125809.1.54","Mrg23",57.8
"avgbs_125865.1.35","Mrg23",57.8
"avgbs_125885.1.60","Mrg01",39.3
"avgbs_125929.1.27","Mrg18",27.7
"avgbs_125958.1.37","Mrg13",73.6
"avgbs_125968.1.14","Mrg11",52.8
"avgbs_126110.1.37","Mrg08",141
"avgbs_126111.1.49","Mrg17",13.7
"avgbs_126133.1.36","Mrg03",9
"avgbs_126197.1.44","Mrg02",87.3
"avgbs_126264.1.62","Mrg01",75.3
"avgbs_126286.1.31","Mrg20",226.6
"avgbs_126295.1.37","Mrg21",124.1
"avgbs_126302.1.17","Mrg08",123.6
"avgbs_126322.1.26","Mrg13",42.1
"avgbs_126333.1.20","Mrg09",100
"avgbs_12678.1.18","Mrg02",87.3
"avgbs_12718.1.12","Mrg18",36.2
"avgbs_1274.1.48","Mrg04",44.7
"avgbs_12770.1.20","Mrg09",86.7
"avgbs_12791.1.48","Mrg15",24.6
"avgbs_12792.1.31","Mrg02",42
"avgbs_12818.1.9","Mrg21",142
"avgbs_12900.1.64","Mrg20",185.4
"avgbs_13.1.41","Mrg02",81.5
"avgbs_13009.1.64","Mrg03",73.6
"avgbs_1307.1.49","Mrg05",57.9
"avgbs_13142.1.54","Mrg05",135.5
"avgbs_13373.1.15","Mrg20",248.6
"avgbs_13394.1.17","Mrg24",41.8
"avgbs_13421.1.6","Mrg01",126.2
"avgbs_13466.1.53","Mrg15",28
"avgbs_13556.1.15","Mrg05",103.9
"avgbs_13620.1.32","Mrg24",89.4
"avgbs_13657.1.28","Mrg05",81.4
"avgbs_13658.1.46","Mrg18",32.5
"avgbs_13693.1.41","Mrg21",24.2
"avgbs_13835.1.20","Mrg03",73.1
"avgbs_13844.1.8","Mrg06",116
"avgbs_13947.1.45","Mrg17",47.9
"avgbs_13956.1.59","Mrg13",41.2
"avgbs_14000.1.30","Mrg12",55
"avgbs_14004.1.51","Mrg17",40.1
"avgbs_14059.1.34","Mrg03",75.8
"avgbs_1406.1.21","Mrg11",26
"avgbs_14102.1.21","Mrg24",41
"avgbs_1412.1.14","Mrg23",64.6
"avgbs_14134.1.22","Mrg13",71.4
"avgbs_14190.1.32","Mrg17",49.8
"avgbs_14208.1.45","Mrg17",32.2
"avgbs_14244.1.55","Mrg09",116.4
"avgbs_14269.1.15","Mrg13",107.3
"avgbs_14278.1.17","Mrg08",109.9
"avgbs_1432.1.19","Mrg20",216.2
"avgbs_14330.1.19","Mrg11",32.4
"avgbs_14388.1.41","Mrg28",73.6
"avgbs_1442.1.27","Mrg03",46.3
"avgbs_14459.1.6","Mrg09",44.7
"avgbs_14475.1.30","Mrg03",45.5
"avgbs_14525.1.24","Mrg28",43.8
"avgbs_14546.1.6","Mrg02",87.3
"avgbs_14619.1.49","Mrg02",87.3
"avgbs_14660.1.27","Mrg13",31
"avgbs_14761.1.47","Mrg21",203.9
"avgbs_14880.1.22","Mrg28",20.3
"avgbs_14933.1.43","Mrg12",78.5
"avgbs_14969.1.14","Mrg06",67.6
"avgbs_14975.1.40","Mrg19",65.5
"avgbs_14977.1.45","Mrg33",58.2
"avgbs_14991.1.29","Mrg20",16.6
"avgbs_15000.1.22","Mrg09",111.7
"avgbs_151.1.56","Mrg04",37.9
"avgbs_15136.1.14","Mrg23",65.9
"avgbs_15185.1.51","Mrg03",101.6
"avgbs_15314.1.16","Mrg24",41.8
"avgbs_1533.1.38","Mrg09",44.7
"avgbs_15359.1.47","Mrg08",149.2
"avgbs_15363.1.40","Mrg01",74.8
"avgbs_15388.1.33","Mrg03",44.6
"avgbs_15395.1.37","Mrg15",35.1
"avgbs_15416.1.22","Mrg06",102.3
"avgbs_15480.1.35","Mrg03",25
"avgbs_15499.1.33","Mrg03",101.6
"avgbs_15507.1.24","Mrg05",92.1
"avgbs_15527.1.6","Mrg03",91.1
"avgbs_15539.1.22","Mrg11",54
"avgbs_15623.1.62","Mrg21",28.3
"avgbs_15657.1.35","Mrg02",87.3
"avgbs_15676.1.31","Mrg08",142.3
"avgbs_15768.1.39","Mrg17",92.5
"avgbs_15807.1.37","Mrg09",111.7
"avgbs_15874.1.55","Mrg23",62.1
"avgbs_15921.1.22","Mrg02",87.3
"avgbs_15951.1.34","Mrg01",23.8
"avgbs_16036.1.38","Mrg05",26.8
"avgbs_16053.1.40","Mrg15",85.8
"avgbs_16156.1.17","Mrg20",232.1
"avgbs_16162.1.21","Mrg06",99.1
"avgbs_16218.1.59","Mrg21",209.9
"avgbs_1658.1.21","Mrg28",23.6
"avgbs_1664.1.32","Mrg17",83.9
"avgbs_16714.1.44","Mrg09",48.2
"avgbs_16715.1.9","Mrg28",43.8
"avgbs_16820.1.44","Mrg04",44.7
"avgbs_16827.1.57","Mrg13",18.5
"avgbs_16839.1.28","Mrg13",35.9
"avgbs_16946.1.36","Mrg05",93
"avgbs_16988.1.46","Mrg09",121.6
"avgbs_1708.1.27","Mrg13",106.5
"avgbs_17101.1.49","Mrg15",16.5
"avgbs_17202.1.57","Mrg13",18.2
"avgbs_17219.1.39","Mrg12",44.5
"avgbs_17230.1.64","Mrg13",59.5
"avgbs_17457.1.10","Mrg05",58.7
"avgbs_17503.1.62","Mrg03",103.3
"avgbs_17595.1.20","Mrg02",87.3
"avgbs_17631.1.39","Mrg17",83.8
"avgbs_17662.1.44","Mrg17",33.2
"avgbs_17685.1.63","Mrg15",52.7
"avgbs_17689.1.52","Mrg01",83.9
"avgbs_17691.1.10","Mrg24",74.8
"avgbs_17695.1.43","Mrg23",73.4
"avgbs_17797.1.54","Mrg08",112.5
"avgbs_17821.1.27","Mrg18",36.2
"avgbs_17824.1.12","Mrg01",108.4
"avgbs_17834.1.11","Mrg17",37.3
"avgbs_17997.1.61","Mrg02",88.7
"avgbs_18009.1.57","Mrg04",44.7
"avgbs_18019.1.22","Mrg13",108.5
"avgbs_18173.1.30","Mrg24",41.8
"avgbs_18284.1.40","Mrg24",95.3
"avgbs_18311.1.58","Mrg21",27.3
"avgbs_18409.1.51","Mrg15",53.7
"avgbs_18454.1.16","Mrg09",44.7
"avgbs_18478.1.43","Mrg15",0
"avgbs_1850.1.28","Mrg12",26.4
"avgbs_18502.1.60","Mrg33",64
"avgbs_18526.1.22","Mrg19",54.8
"avgbs_18554.1.38","Mrg03",47.7
"avgbs_18560.1.37","Mrg12",57.8
"avgbs_18585.1.48","Mrg20",42.3
"avgbs_18591.1.52","Mrg01",111.8
"avgbs_1861.1.7","Mrg15",22
"avgbs_18626.1.10","Mrg17",100.7
"avgbs_18689.1.29","Mrg11",9.8
"avgbs_18695.1.25","Mrg12",57.8
"avgbs_187.1.18","Mrg06",38
"avgbs_18725.1.20","Mrg20",18
"avgbs_18732.1.26","Mrg01",57.2
"avgbs_1874.1.57","Mrg01",45
"avgbs_18744.1.57","Mrg08",117.9
"avgbs_188.1.42","Mrg15",77.5
"avgbs_18812.1.60","Mrg15",23.6
"avgbs_18868.1.9","Mrg24",69.6
"avgbs_18882.1.12","Mrg01",83.9
"avgbs_1891.1.28","Mrg21",113.2
"avgbs_18944.1.40","Mrg24",41.8
"avgbs_18950.1.29","Mrg21",145.3
"avgbs_18990.1.58","Mrg28",20
"avgbs_18994.1.64","Mrg18",34.4
"avgbs_19038.1.63","Mrg23",68.3
"avgbs_19061.1.25","Mrg08",137.4
"avgbs_19207.1.58","Mrg11",9.8
"avgbs_1921.1.51","Mrg13",29.7
"avgbs_19217.1.47","Mrg03",83.8
"avgbs_19279.1.11","Mrg04",60.3
"avgbs_19288.1.46","Mrg11",54
"avgbs_19291.1.20","Mrg24",37.3
"avgbs_19302.1.32","Mrg19",19.9
"avgbs_19471.1.23","Mrg18",33.1
"avgbs_19475.1.35","Mrg06",72.1
"avgbs_19491.1.63","Mrg03",122.9
"avgbs_19493.1.13","Mrg33",65
"avgbs_19636.1.44","Mrg11",8.8
"avgbs_19661.1.60","Mrg19",55.4
"avgbs_19669.1.28","Mrg15",72.9
"avgbs_19684.1.60","Mrg24",36.8
"avgbs_19699.1.42","Mrg28",32.6
"avgbs_19715.1.18","Mrg15",77.5
"avgbs_19742.1.14","Mrg13",16.9
"avgbs_19750.1.59","Mrg06",116
"avgbs_19758.1.41","Mrg17",83.9
"avgbs_19762.1.16","Mrg09",49.2
"avgbs_19783.1.35","Mrg19",49.8
"avgbs_19836.1.36","Mrg18",69.6
"avgbs_19846.1.13","Mrg13",103.1
"avgbs_19876.1.34","Mrg11",32.4
"avgbs_19900.1.49","Mrg24",37.3
"avgbs_19947.1.49","Mrg21",155.7
"avgbs_200099.1.60","Mrg02",85.2
"avgbs_200259.1.51","Mrg18",7.5
"avgbs_200312.1.62","Mrg09",91.9
"avgbs_200333.1.49","Mrg17",51.3
"avgbs_200368.1.55","Mrg03",40.3
"avgbs_200486.1.64","Mrg24",37.1
"avgbs_200517.1.62","Mrg05",57.3
"avgbs_200537.1.21","Mrg05",98.7
"avgbs_200545.1.62","Mrg15",31.3
"avgbs_200573.1.52","Mrg03",70.1
"avgbs_200574.1.31","Mrg03",4.9
"avgbs_200593.1.40","Mrg33",48.4
"avgbs_200647.1.26","Mrg19",65.2
"avgbs_200659.1.49","Mrg08",149.1
"avgbs_200686.1.25","Mrg17",70.5
"avgbs_200722.1.60","Mrg02",87.3
"avgbs_200729.1.20","Mrg03",42.7
"avgbs_2008.1.34","Mrg05",114.7
"avgbs_200815.1.28","Mrg01",117.4
"avgbs_200816.1.27","Mrg24",36.1
"avgbs_200847.1.26","Mrg20",209.4
"avgbs_200893.1.61","Mrg03",62.7
"avgbs_201095.1.7","Mrg11",108.6
"avgbs_20115.1.31","Mrg03",40.3
"avgbs_20120.1.62","Mrg23",73.3
"avgbs_20129.1.6","Mrg03",80.3
"avgbs_201759.1.38","Mrg01",105.9
"avgbs_201762.1.27","Mrg01",52.4
"avgbs_20179.1.64","Mrg18",35.2
"avgbs_20182.1.20","Mrg11",60.5
"avgbs_201865.1.64","Mrg20",253.7
"avgbs_201898.1.40","Mrg04",44.7
"avgbs_202118.1.40","Mrg05",45.3
"avgbs_20213.1.51","Mrg02",21.5
"avgbs_202296.1.50","Mrg13",40.8
"avgbs_202641.1.61","Mrg28",43.8
"avgbs_202642.1.40","Mrg28",43.8
"avgbs_202657.1.23","Mrg13",96.7
"avgbs_202776.1.57","Mrg28",56.7
"avgbs_20309.1.17","Mrg01",110.4
"avgbs_20311.1.15","Mrg09",40.3
"avgbs_20312.1.29","Mrg06",21.9
"avgbs_20315.1.36","Mrg11",108.6
"avgbs_203564.1.53","Mrg33",65.9
"avgbs_203615.1.61","Mrg21",199.6
"avgbs_203746.1.32","Mrg18",4.3
"avgbs_203907.1.36","Mrg04",38.1
"avgbs_204773.1.38","Mrg21",145.3
"avgbs_204783.1.53","Mrg15",22
"avgbs_204910.1.45","Mrg15",49.5
"avgbs_204946.1.18","Mrg13",106.3
"avgbs_205123.1.22","Mrg28",36.8
"avgbs_20525.1.48","Mrg17",108.8
"avgbs_20544.1.29","Mrg21",124.1
"avgbs_20545.1.56","Mrg09",103.8
"avgbs_205661.1.33","Mrg05",54.4
"avgbs_205722.1.53","Mrg03",40.7
"avgbs_20605.1.29","Mrg09",13.8
"avgbs_20647.1.48","Mrg03",36.2
"avgbs_206474.1.47","Mrg05",18.4
"avgbs_20668.1.20","Mrg08",118.8
"avgbs_206981.1.44","Mrg17",75.6
"avgbs_20706.1.11","Mrg03",14.7
"avgbs_207563.1.64","Mrg13",42.1
"avgbs_207751.1.38","Mrg19",49.8
"avgbs_207966.1.25","Mrg04",43.5
"avgbs_208.1.40","Mrg19",34
"avgbs_208123.1.40","Mrg13",42.1
"avgbs_208343.1.35","Mrg20",120.1
"avgbs_208382.1.53","Mrg04",37.9
"avgbs_20842.1.12","Mrg24",36.3
"avgbs_2085.1.20","Mrg24",41.8
"avgbs_20851.1.15","Mrg28",79.1
"avgbs_20863.1.38","Mrg11",52.8
"avgbs_20900.1.58","Mrg03",73.1
"avgbs_20910.1.60","Mrg21",145.3
"avgbs_209243.1.25","Mrg04",29.7
"avgbs_20926.1.16","Mrg13",35.9
"avgbs_20927.1.22","Mrg01",109.7
"avgbs_20932.1.64","Mrg17",37.3
"avgbs_2095.1.40","Mrg01",117.4
"avgbs_20962.1.42","Mrg13",76
"avgbs_21015.1.61","Mrg20",19.3
"avgbs_21100.1.51","Mrg13",114.6
"avgbs_21101.1.38","Mrg21",181.1
"avgbs_21110.1.44","Mrg20",135.8
"avgbs_21130.1.60","Mrg17",78.9
"avgbs_21159.1.53","Mrg09",132.7
"avgbs_211629.1.50","Mrg24",46.6
"avgbs_21236.1.29","Mrg03",37.1
"avgbs_212480.1.62","Mrg15",7.5
"avgbs_21256.1.57","Mrg21",199.7
"avgbs_21265.1.14","Mrg09",50.9
"avgbs_21268.1.63","Mrg20",147.3
"avgbs_212875.1.40","Mrg18",40
"avgbs_213138.1.61","Mrg06",38
"avgbs_21338.1.19","Mrg08",58.5
"avgbs_213380.1.19","Mrg20",156.7
"avgbs_213444.1.40","Mrg08",61
"avgbs_21345.1.6","Mrg01",109
"avgbs_21346.1.21","Mrg03",75.4
"avgbs_21350.1.23","Mrg17",32.2
"avgbs_21354.1.62","Mrg03",68.8
"avgbs_213541.1.32","Mrg08",105.5
"avgbs_21383.1.51","Mrg06",0
"avgbs_213929.1.44","Mrg13",111.7
"avgbs_214029.1.56","Mrg03",56.9
"avgbs_21420.1.41","Mrg18",20.6
"avgbs_21425.1.39","Mrg05",82.1
"avgbs_214846.1.60","Mrg23",57.8
"avgbs_214958.1.64","Mrg01",23.8
"avgbs_2151.1.47","Mrg17",33.2
"avgbs_215439.1.45","Mrg09",86.8
"avgbs_21547.1.30","Mrg09",71.5
"avgbs_215520.1.35","Mrg23",62
"avgbs_216133.1.22","Mrg08",147.3
"avgbs_21615.1.24","Mrg01",83.9
"avgbs_216179.1.21","Mrg12",56.7
"avgbs_216354.1.57","Mrg19",49.8
"avgbs_21656.1.16","Mrg15",50.3
"avgbs_21691.1.14","Mrg02",67.4
"avgbs_216923.1.33","Mrg18",75.3
"avgbs_216978.1.31","Mrg24",20.6
"avgbs_217106.1.43","Mrg19",19.7
"avgbs_21719.1.63","Mrg24",26.6
"avgbs_217356.1.26","Mrg21",27.3
"avgbs_21743.1.58","Mrg19",49.8
"avgbs_217815.1.59","Mrg11",69.5
"avgbs_21789.1.16","Mrg03",75.8
"avgbs_217956.1.9","Mrg13",39.4
"avgbs_21857.1.37","Mrg15",87.2
"avgbs_218643.1.36","Mrg06",87.2
"avgbs_219191.1.21","Mrg11",21.9
"avgbs_21946.1.64","Mrg17",33.6
"avgbs_220054.1.63","Mrg01",12.9
"avgbs_22024.1.32","Mrg06",68.2
"avgbs_22030.1.30","Mrg03",47.7
"avgbs_22059.1.9","Mrg09",129
"avgbs_220721.1.58","Mrg06",45.2
"avgbs_220788.1.18","Mrg21",28.3
"avgbs_22090.1.40","Mrg21",125.8
"avgbs_221314.1.48","Mrg03",77.8
"avgbs_22159.1.43","Mrg15",22
"avgbs_221928.1.27","Mrg13",114.6
"avgbs_221969.1.55","Mrg20",98.8
"avgbs_222114.1.54","Mrg21",124.3
"avgbs_22277.1.26","Mrg15",44.6
"avgbs_22287.1.30","Mrg19",23.9
"avgbs_22292.1.58","Mrg01",57.2
"avgbs_22331.1.59","Mrg28",43.8
"avgbs_22429.1.24","Mrg23",57.8
"avgbs_22438.1.17","Mrg01",84.2
"avgbs_22604.1.53","Mrg02",70.6
"avgbs_2269.1.6","Mrg03",73.1
"avgbs_22721.1.64","Mrg23",62.9
"avgbs_22737.1.12","Mrg11",8.8
"avgbs_22753.1.11","Mrg05",56.5
"avgbs_23070.1.20","Mrg01",64.8
"avgbs_23112.1.9","Mrg13",59.4
"avgbs_23326.1.53","Mrg08",62.4
"avgbs_23340.1.27","Mrg02",81.5
"avgbs_23341.1.15","Mrg33",37.5
"avgbs_23379.1.13","Mrg21",172
"avgbs_23492.1.41","Mrg21",27.3
"avgbs_235.1.26","Mrg20",26.6
"avgbs_23586.1.58","Mrg09",44.7
"avgbs_23787.1.34","Mrg20",97.1
"avgbs_23837.1.59","Mrg21",212
"avgbs_23848.1.37","Mrg18",20.4
"avgbs_23968.1.42","Mrg06",14.5
"avgbs_2411.1.6","Mrg01",45
"avgbs_2425.1.6","Mrg17",84.4
"avgbs_24340.1.26","Mrg01",87.4
"avgbs_24507.1.28","Mrg09",43.4
"avgbs_24657.1.14","Mrg13",60
"avgbs_24711.1.13","Mrg09",96.5
"avgbs_2479.1.47","Mrg20",226.6
"avgbs_24870.1.32","Mrg20",147.3
"avgbs_24890.1.61","Mrg13",60
"avgbs_24994.1.43","Mrg11",52.8
"avgbs_25121.1.19","Mrg08",112.5
"avgbs_25192.1.34","Mrg19",58.1
"avgbs_25328.1.58","Mrg13",36.7
"avgbs_25337.1.19","Mrg01",132.5
"avgbs_25339.1.21","Mrg13",6.2
"avgbs_25574.1.11","Mrg09",63.6
"avgbs_25586.1.47","Mrg23",57.8
"avgbs_25598.1.35","Mrg11",69.5
"avgbs_25824.1.60","Mrg15",32.7
"avgbs_26010.1.57","Mrg03",80.3
"avgbs_26094.1.9","Mrg11",98.8
"avgbs_26340.1.45","Mrg18",41.8
"avgbs_26347.1.54","Mrg20",198.2
"avgbs_2652.1.7","Mrg09",43.4
"avgbs_26532.1.64","Mrg17",33.5
"avgbs_26591.1.17","Mrg33",40.7
"avgbs_26617.1.53","Mrg17",84.3
"avgbs_26647.1.56","Mrg17",63.3
"avgbs_26686.1.8","Mrg15",35.1
"avgbs_26711.1.43","Mrg03",18.6
"avgbs_26723.1.29","Mrg13",35.9
"avgbs_26770.1.20","Mrg15",11.6
"avgbs_2686.1.48","Mrg28",44.4
"avgbs_26918.1.60","Mrg04",37.9
"avgbs_26961.1.7","Mrg17",33.2
"avgbs_27211.1.8","Mrg21",181.1
"avgbs_27248.1.12","Mrg23",64.6
"avgbs_27260.1.63","Mrg08",153.4
"avgbs_27407.1.59","Mrg28",32.6
"avgbs_27441.1.50","Mrg20",18
"avgbs_27469.1.34","Mrg04",38.7
"avgbs_27490.1.64","Mrg12",58.5
"avgbs_27532.1.50","Mrg13",105.2
"avgbs_27877.1.21","Mrg17",33.2
"avgbs_2791.1.10","Mrg04",43.1
"avgbs_28116.1.33","Mrg11",8.8
"avgbs_28165.1.13","Mrg01",59
"avgbs_28193.1.54","Mrg17",78.9
"avgbs_28205.1.63","Mrg05",82.1
"avgbs_28217.1.33","Mrg05",135.5
"avgbs_28224.1.27","Mrg15",77.6
"avgbs_28229.1.61","Mrg09",50.9
"avgbs_28348.1.39","Mrg09",38.2
"avgbs_28429.1.53","Mrg13",39.4
"avgbs_28468.1.48","Mrg02",85.2
"avgbs_28484.1.50","Mrg23",53.7
"avgbs_28568.1.57","Mrg01",68.7
"avgbs_2868.1.19","Mrg24",30.8
"avgbs_28703.1.27","Mrg18",0
"avgbs_28706.1.56","Mrg11",56.3
"avgbs_2876.1.22","Mrg28",79.8
"avgbs_28795.1.43","Mrg23",110.6
"avgbs_28829.1.57","Mrg15",35.1
"avgbs_28895.1.49","Mrg13",60
"avgbs_2894.1.18","Mrg15",32.7
"avgbs_2899.1.13","Mrg02",85.2
"avgbs_29039.1.25","Mrg24",37.3
"avgbs_29138.1.51","Mrg01",52.6
"avgbs_29209.1.25","Mrg28",43.8
"avgbs_29270.1.35","Mrg17",78.9
"avgbs_29381.1.60","Mrg05",57.8
"avgbs_29521.1.55","Mrg33",26.3
"avgbs_29614.1.47","Mrg06",18.8
"avgbs_29639.1.49","Mrg06",67.6
"avgbs_29732.1.59","Mrg06",26.6
"avgbs_29775.1.18","Mrg17",87.8
"avgbs_29809.1.46","Mrg03",11.9
"avgbs_29928.1.7","Mrg17",78.8
"avgbs_2995.1.52","Mrg17",12.8
"avgbs_2997.1.53","Mrg20",147.3
"avgbs_29974.1.22","Mrg18",10.9
"avgbs_3000.1.55","Mrg17",86.8
"avgbs_30052.1.34","Mrg15",33.5
"avgbs_301.1.23","Mrg20",193.1
"avgbs_30453.1.62","Mrg13",58
"avgbs_3050.1.54","Mrg23",57.8
"avgbs_30619.1.57","Mrg02",72.1
"avgbs_30620.1.12","Mrg05",50.5
"avgbs_30996.1.44","Mrg03",63.8
"avgbs_31024.1.7","Mrg01",113.9
"avgbs_3111.1.49","Mrg15",35.1
"avgbs_31130.1.36","Mrg06",116
"avgbs_31212.1.57","Mrg09",44.7
"avgbs_3139.1.20","Mrg02",81.8
"avgbs_31434.1.52","Mrg24",41
"avgbs_31444.1.20","Mrg05",56.5
"avgbs_31464.1.47","Mrg06",27.5
"avgbs_31594.1.13","Mrg09",10.4
"avgbs_316.1.22","Mrg24",23.1
"avgbs_31655.1.8","Mrg05",57.5
"avgbs_31722.1.31","Mrg15",33.5
"avgbs_3175.1.38","Mrg17",37.3
"avgbs_31798.1.56","Mrg03",27.8
"avgbs_31854.1.60","Mrg02",85.2
"avgbs_31855.1.15","Mrg01",48.1
"avgbs_32064.1.16","Mrg09",78.3
"avgbs_3211.1.63","Mrg01",50.7
"avgbs_32110.1.34","Mrg09",75.9
"avgbs_32134.1.22","Mrg13",71.4
"avgbs_32144.1.34","Mrg20",194.6
"avgbs_32156.1.12","Mrg12",25
"avgbs_32166.1.26","Mrg06",102.3
"avgbs_32200.1.23","Mrg17",32.2
"avgbs_32237.1.40","Mrg09",86.8
"avgbs_32277.1.45","Mrg05",114.7
"avgbs_32347.1.43","Mrg24",21.2
"avgbs_3255.1.29","Mrg12",25
"avgbs_32733.1.59","Mrg08",149
"avgbs_32853.1.11","Mrg17",48.7
"avgbs_32854.1.25","Mrg06",25.2
"avgbs_32898.1.33","Mrg12",26.4
"avgbs_32922.1.51","Mrg03",44.5
"avgbs_32986.1.32","Mrg11",77.8
"avgbs_33061.1.20","Mrg18",21.1
"avgbs_33075.1.15","Mrg13",66.4
"avgbs_33137.1.63","Mrg09",86.8
"avgbs_333.1.42","Mrg05",100.4
"avgbs_33592.1.40","Mrg13",86.5
"avgbs_33790.1.50","Mrg11",108.6
"avgbs_34251.1.62","Mrg17",78.9
"avgbs_34277.1.20","Mrg23",60.4
"avgbs_34400.1.20","Mrg01",117.4
"avgbs_3444.1.13","Mrg21",27.3
"avgbs_34513.1.41","Mrg01",83.9
"avgbs_34647.1.30","Mrg13",81.8
"avgbs_3471.1.38","Mrg05",57.9
"avgbs_34750.1.52","Mrg13",106.5
"avgbs_34774.1.12","Mrg18",-1.1
"avgbs_34784.1.62","Mrg33",58.2
"avgbs_34812.1.54","Mrg15",21.4
"avgbs_35086.1.19","Mrg21",27.3
"avgbs_35088.1.47","Mrg19",4
"avgbs_35150.1.53","Mrg20",18.7
"avgbs_35197.1.12","Mrg11",32.1
"avgbs_35246.1.24","Mrg33",64
"avgbs_35281.1.31","Mrg01",117.4
"avgbs_35313.1.40","Mrg03",129.9
"avgbs_35341.1.57","Mrg17",37.3
"avgbs_35390.1.28","Mrg17",7.6
"avgbs_3543.1.50","Mrg28",43.8
"avgbs_35431.1.12","Mrg23",57.8
"avgbs_35440.1.17","Mrg02",87.3
"avgbs_35442.1.56","Mrg13",41.2
"avgbs_35455.1.7","Mrg18",32.5
"avgbs_35460.1.60","Mrg23",40.7
"avgbs_35484.1.34","Mrg17",94.7
"avgbs_35495.1.59","Mrg13",29.7
"avgbs_35568.1.60","Mrg13",39.4
"avgbs_35582.1.35","Mrg33",65.9
"avgbs_35598.1.19","Mrg28",36.8
"avgbs_35645.1.26","Mrg03",53.9
"avgbs_35705.1.14","Mrg28",31.8
"avgbs_35747.1.6","Mrg13",35.9
"avgbs_35771.1.59","Mrg28",44.4
"avgbs_35775.1.18","Mrg11",69.5
"avgbs_35852.1.14","Mrg08",134
"avgbs_36024.1.46","Mrg12",35.3
"avgbs_36113.1.48","Mrg05",109.5
"avgbs_36269.1.50","Mrg19",55.4
"avgbs_36276.1.50","Mrg21",181.1
"avgbs_36277.1.50","Mrg21",181.1
"avgbs_36359.1.34","Mrg24",45
"avgbs_36394.1.52","Mrg33",65.9
"avgbs_36473.1.21","Mrg11",48.8
"avgbs_36709.1.56","Mrg09",44.7
"avgbs_3677.1.61","Mrg17",19.4
"avgbs_36902.1.7","Mrg19",31.3
"avgbs_36938.1.25","Mrg08",86.2
"avgbs_36941.1.15","Mrg21",205.7
"avgbs_37014.1.9","Mrg19",49.8
"avgbs_37253.1.40","Mrg03",137.7
"avgbs_37293.1.61","Mrg21",181.1
"avgbs_37412.1.7","Mrg03",14.7
"avgbs_37426.1.48","Mrg09",49.2
"avgbs_37501.1.11","Mrg09",16.3
"avgbs_37502.1.33","Mrg18",40
"avgbs_37613.1.36","Mrg13",108.5
"avgbs_38213.1.14","Mrg17",68.2
"avgbs_38257.1.26","Mrg05",105.7
"avgbs_38278.1.11","Mrg19",49.8
"avgbs_38361.1.16","Mrg13",6.2
"avgbs_38416.1.10","Mrg03",83.8
"avgbs_38429.1.53","Mrg20",20
"avgbs_38507.1.13","Mrg08",197.1
"avgbs_38609.1.6","Mrg09",101.2
"avgbs_38663.1.56","Mrg23",48.3
"avgbs_3869.1.13","Mrg33",2.7
"avgbs_38737.1.46","Mrg15",35.1
"avgbs_38766.1.64","Mrg15",35.1
"avgbs_38796.1.30","Mrg03",112.3
"avgbs_38797.1.31","Mrg05",105.7
"avgbs_38830.1.24","Mrg20",18.7
"avgbs_38882.1.16","Mrg17",32.8
"avgbs_38917.1.35","Mrg21",125.8
"avgbs_38923.1.64","Mrg03",80.3
"avgbs_38943.1.33","Mrg28",54.2
"avgbs_38970.1.7","Mrg18",11.1
"avgbs_38973.1.21","Mrg03",37.1
"avgbs_38997.1.30","Mrg20",21.5
"avgbs_39026.1.57","Mrg17",33.2
"avgbs_39046.1.48","Mrg18",11.1
"avgbs_39058.1.63","Mrg09",44.7
"avgbs_39089.1.53","Mrg23",71.8
"avgbs_39140.1.29","Mrg02",21.5
"avgbs_39170.1.33","Mrg13",62
"avgbs_39778.1.14","Mrg28",44.4
"avgbs_39782.1.64","Mrg09",49.2
"avgbs_39819.1.42","Mrg20",151.7
"avgbs_39820.1.25","Mrg21",125.8
"avgbs_3983.1.41","Mrg05",125.1
"avgbs_40129.1.63","Mrg06",28.1
"avgbs_40171.1.35","Mrg11",109.1
"avgbs_40189.1.25","Mrg28",29.8
"avgbs_40212.1.64","Mrg20",198.4
"avgbs_40252.1.48","Mrg24",41.7
"avgbs_40282.1.26","Mrg17",30.2
"avgbs_40307.1.12","Mrg17",70.5
"avgbs_40308.1.11","Mrg17",51
"avgbs_40344.1.35","Mrg23",59.1
"avgbs_40403.1.20","Mrg24",47.5
"avgbs_40418.1.23","Mrg11",51.4
"avgbs_40505.1.21","Mrg12",55
"avgbs_40516.1.63","Mrg13",96.7
"avgbs_40526.1.18","Mrg06",38
"avgbs_40705.1.21","Mrg15",13.9
"avgbs_40825.1.54","Mrg01",50.7
"avgbs_40892.1.31","Mrg15",25.5
"avgbs_41292.1.6","Mrg05",50.5
"avgbs_41368.1.61","Mrg08",129.6
"avgbs_41395.1.22","Mrg17",34
"avgbs_41413.1.12","Mrg03",37.1
"avgbs_41527.1.45","Mrg09",5.1
"avgbs_4173.1.9","Mrg11",54
"avgbs_41785.1.44","Mrg21",172
"avgbs_42060.1.55","Mrg13",71.4
"avgbs_4207.1.57","Mrg08",131.4
"avgbs_42103.1.51","Mrg21",148.2
"avgbs_42118.1.64","Mrg05",57.8
"avgbs_42243.1.15","Mrg24",45
"avgbs_42249.1.14","Mrg02",23.2
"avgbs_42260.1.19","Mrg21",125.8
"avgbs_42267.1.26","Mrg05",110.1
"avgbs_42342.1.52","Mrg13",60
"avgbs_42379.1.63","Mrg24",37.1
"avgbs_4262.1.15","Mrg13",16.2
"avgbs_4263.1.32","Mrg23",64.6
"avgbs_42681.1.63","Mrg15",33.5
"avgbs_42773.1.64","Mrg06",38
"avgbs_42793.1.51","Mrg08",151.9
"avgbs_4282.1.16","Mrg11",45.6
"avgbs_42869.1.46","Mrg11",7.2
"avgbs_42930.1.41","Mrg21",28.3
"avgbs_4299.1.9","Mrg09",43.4
"avgbs_43051.1.28","Mrg18",16.5
"avgbs_43145.1.38","Mrg05",60
"avgbs_43170.1.18","Mrg03",109.8
"avgbs_43181.1.28","Mrg19",57.2
"avgbs_43289.1.33","Mrg19",65.3
"avgbs_43411.1.64","Mrg13",65.6
"avgbs_4350.1.46","Mrg09",49.2
"avgbs_43580.1.15","Mrg09",49.2
"avgbs_436.1.34","Mrg04",60.3
"avgbs_43711.1.18","Mrg11",32.4
"avgbs_43836.1.8","Mrg02",85.2
"avgbs_44012.1.13","Mrg15",35.1
"avgbs_44280.1.50","Mrg02",87.3
"avgbs_44312.1.23","Mrg17",70.5
"avgbs_44317.1.46","Mrg23",62.1
"avgbs_4441.1.58","Mrg05",114.7
"avgbs_44482.1.23","Mrg21",27.3
"avgbs_44638.1.36","Mrg28",43.8
"avgbs_44680.1.43","Mrg19",49.8
"avgbs_44737.1.27","Mrg11",8.8
"avgbs_44769.1.31","Mrg09",40.3
"avgbs_4488.1.14","Mrg01",45
"avgbs_44900.1.47","Mrg23",59.1
"avgbs_44965.1.39","Mrg02",72.1
"avgbs_45430.1.7","Mrg09",47.1
"avgbs_45588.1.45","Mrg06",67.6
"avgbs_4561.1.56","Mrg28",58.8
"avgbs_45653.1.54","Mrg11",48.8
"avgbs_45685.1.29","Mrg33",13
"avgbs_45822.1.54","Mrg17",28.4
"avgbs_45894.1.53","Mrg24",24.4
"avgbs_459.1.39","Mrg03",62.4
"avgbs_45965.1.57","Mrg03",37.1
"avgbs_46005.1.62","Mrg01",79.7
"avgbs_46114.1.55","Mrg33",32.3
"avgbs_46182.1.38","Mrg13",35.9
"avgbs_462.1.52","Mrg03",37.1
"avgbs_46448.1.26","Mrg20",87.2
"avgbs_46496.1.44","Mrg01",109
"avgbs_46563.1.38","Mrg18",43.2
"avgbs_46577.1.24","Mrg13",79.3
"avgbs_46607.1.37","Mrg03",20
"avgbs_46626.1.27","Mrg18",32.5
"avgbs_46672.1.62","Mrg08",140.5
"avgbs_46776.1.58","Mrg11",26
"avgbs_4681.1.28","Mrg23",71.6
"avgbs_46836.1.34","Mrg15",35.1
"avgbs_46839.1.60","Mrg03",129.2
"avgbs_46840.1.22","Mrg05",56.5
"avgbs_47.1.52","Mrg28",98.3
"avgbs_4702.1.15","Mrg02",67.4
"avgbs_47533.1.46","Mrg01",57.2
"avgbs_47539.1.29","Mrg24",2.7
"avgbs_4760.1.55","Mrg03",83.8
"avgbs_47631.1.32","Mrg21",81.6
"avgbs_47877.1.10","Mrg01",108.4
"avgbs_47896.1.46","Mrg18",42.2
"avgbs_4798.1.24","Mrg01",23.8
"avgbs_4800.1.52","Mrg20",59.3
"avgbs_4805.1.44","Mrg15",15
"avgbs_48075.1.47","Mrg01",117.4
"avgbs_48212.1.56","Mrg24",5.4
"avgbs_4829.1.6","Mrg09",86.7
"avgbs_48423.1.64","Mrg03",82.8
"avgbs_48611.1.34","Mrg24",78.6
"avgbs_48778.1.11","Mrg17",51
"avgbs_48816.1.39","Mrg06",20.7
"avgbs_49002.1.41","Mrg06",102.3
"avgbs_49249.1.47","Mrg28",15
"avgbs_4932.1.24","Mrg18",42.1
"avgbs_49496.1.45","Mrg06",25.2
"avgbs_49522.1.31","Mrg17",78.9
"avgbs_49577.1.30","Mrg04",44.7
"avgbs_49652.1.25","Mrg02",14.7
"avgbs_49672.1.20","Mrg08",129.6
"avgbs_49690.1.22","Mrg08",58.3
"avgbs_49786.1.38","Mrg23",57.8
"avgbs_49862.1.46","Mrg06",45.2
"avgbs_49917.1.18","Mrg21",181.1
"avgbs_5004.1.28","Mrg08",63.7
"avgbs_50076.1.16","Mrg09",44.7
"avgbs_50081.1.30","Mrg09",40.3
"avgbs_5020.1.39","Mrg09",129
"avgbs_50219.1.9","Mrg18",27.7
"avgbs_5039.1.37","Mrg33",108.3
"avgbs_50532.1.22","Mrg08",123.6
"avgbs_5056.1.25","Mrg19",49.8
"avgbs_5065.1.28","Mrg13",6.2
"avgbs_50746.1.30","Mrg01",27.9
"avgbs_50948.1.23","Mrg03",20
"avgbs_50978.1.58","Mrg09",44.7
"avgbs_51040.1.19","Mrg24",23.1
"avgbs_51158.1.52","Mrg15",21.4
"avgbs_51170.1.48","Mrg15",27.2
"avgbs_51254.1.64","Mrg12",22
"avgbs_51305.1.20","Mrg13",31
"avgbs_51309.1.23","Mrg03",83.8
"avgbs_51332.1.26","Mrg06",57.3
"avgbs_51344.1.17","Mrg15",21.4
"avgbs_5138.1.50","Mrg21",188.8
"avgbs_51483.1.60","Mrg21",82
"avgbs_51526.1.30","Mrg21",78.7
"avgbs_51724.1.42","Mrg15",35.1
"avgbs_51729.1.57","Mrg18",27.7
"avgbs_5175.1.10","Mrg19",67.8
"avgbs_51768.1.64","Mrg08",31.5
"avgbs_519.1.6","Mrg33",91.5
"avgbs_51922.1.28","Mrg23",57.8
"avgbs_51923.1.27","Mrg20",63.4
"avgbs_52007.1.54","Mrg18",0
"avgbs_52033.1.50","Mrg12",109.3
"avgbs_52110.1.43","Mrg02",72.1
"avgbs_52407.1.8","Mrg09",43.4
"avgbs_52527.1.26","Mrg18",27.7
"avgbs_52590.1.28","Mrg17",30.3
"avgbs_52592.1.19","Mrg15",49.5
"avgbs_52714.1.20","Mrg03",73.8
"avgbs_52812.1.8","Mrg02",87.3
"avgbs_52843.1.35","Mrg17",37.3
"avgbs_52894.1.31","Mrg17",108.2
"avgbs_53008.1.53","Mrg13",107.3
"avgbs_53177.1.43","Mrg13",39.4
"avgbs_53297.1.51","Mrg04",44.7
"avgbs_53336.1.23","Mrg23",30.2
"avgbs_53370.1.19","Mrg13",35.9
"avgbs_53463.1.53","Mrg23",48.3
"avgbs_53492.1.28","Mrg05",57.8
"avgbs_537.1.31","Mrg17",24.5
"avgbs_53710.1.11","Mrg09",66.4
"avgbs_53889.1.21","Mrg17",33.6
"avgbs_53963.1.64","Mrg06",29.7
"avgbs_53964.1.37","Mrg11",77.8
"avgbs_53992.1.34","Mrg15",27.2
"avgbs_5441.1.58","Mrg03",37.1
"avgbs_54503.1.8","Mrg03",53.9
"avgbs_54512.1.62","Mrg23",69.3
"avgbs_55106.1.6","Mrg24",60.2
"avgbs_55182.1.20","Mrg01",64.8
"avgbs_55214.1.19","Mrg21",122.8
"avgbs_55491.1.39","Mrg24",37
"avgbs_55611.1.35","Mrg18",32.5
"avgbs_55931.1.13","Mrg15",32.7
"avgbs_55961.1.31","Mrg01",106.6
"avgbs_55977.1.34","Mrg19",58.1
"avgbs_56119.1.54","Mrg11",21.9
"avgbs_56187.1.39","Mrg13",26.2
"avgbs_56302.1.6","Mrg17",30.3
"avgbs_56313.1.7","Mrg01",74.8
"avgbs_56317.1.17","Mrg15",35.1
"avgbs_56365.1.22","Mrg04",44.7
"avgbs_56598.1.26","Mrg12",26.4
"avgbs_568.1.42","Mrg17",65.7
"avgbs_56941.1.38","Mrg09",44.7
"avgbs_57012.1.30","Mrg05",89.4
"avgbs_57030.1.13","Mrg03",75.8
"avgbs_5724.1.51","Mrg18",32.5
"avgbs_57243.1.6","Mrg15",35.1
"avgbs_57321.1.54","Mrg03",73.1
"avgbs_57417.1.19","Mrg11",100.9
"avgbs_57657.1.62","Mrg05",56.5
"avgbs_57658.1.26","Mrg05",58.7
"avgbs_5781.1.12","Mrg18",16
"avgbs_58322.1.23","Mrg03",63
"avgbs_58338.1.60","Mrg21",148.2
"avgbs_58440.1.8","Mrg33",41.4
"avgbs_5915.1.63","Mrg24",41.8
"avgbs_5920.1.17","Mrg17",24.6
"avgbs_59269.1.25","Mrg11",3.7
"avgbs_59780.1.50","Mrg13",66.4
"avgbs_59790.1.41","Mrg13",65.6
"avgbs_59950.1.35","Mrg03",55.5
"avgbs_60047.1.41","Mrg08",134
"avgbs_60509.1.36","Mrg06",29.1
"avgbs_60871.1.34","Mrg03",103.3
"avgbs_60965.1.13","Mrg09",44.7
"avgbs_61.1.58","Mrg17",34
"avgbs_61164.1.46","Mrg02",74.4
"avgbs_6121.1.27","Mrg03",44.6
"avgbs_61215.1.42","Mrg13",106.5
"avgbs_6126.1.55","Mrg06",38
"avgbs_61309.1.63","Mrg19",70.1
"avgbs_61358.1.23","Mrg02",73.3
"avgbs_61378.1.10","Mrg15",32.7
"avgbs_614.1.49","Mrg06",87.2
"avgbs_6141.1.31","Mrg13",39.4
"avgbs_6152.1.20","Mrg20",122.8
"avgbs_61650.1.39","Mrg17",34
"avgbs_61658.1.34","Mrg03",82.8
"avgbs_61719.1.6","Mrg05",89.4
"avgbs_61738.1.63","Mrg24",36.1
"avgbs_61773.1.54","Mrg08",129.6
"avgbs_61855.1.63","Mrg33",64
"avgbs_6206.1.25","Mrg28",43.8
"avgbs_62154.1.18","Mrg17",68.5
"avgbs_6235.1.26","Mrg08",54.7
"avgbs_62515.1.53","Mrg09",78.3
"avgbs_62521.1.21","Mrg05",56.5
"avgbs_6253.1.60","Mrg20",185.4
"avgbs_6273.1.32","Mrg09",82.3
"avgbs_6277.1.48","Mrg03",53.9
"avgbs_62784.1.46","Mrg03",53.9
"avgbs_62906.1.35","Mrg11",39.2
"avgbs_63039.1.36","Mrg13",72.6
"avgbs_63087.1.14","Mrg33",65.9
"avgbs_631.1.59","Mrg24",85.6
"avgbs_6312.1.13","Mrg28",35.9
"avgbs_63439.1.17","Mrg03",129.9
"avgbs_6351.1.63","Mrg23",62.1
"avgbs_63587.1.27","Mrg15",17.3
"avgbs_6359.1.38","Mrg09",86.1
"avgbs_6360.1.36","Mrg17",32.2
"avgbs_63606.1.44","Mrg15",23.6
"avgbs_63849.1.27","Mrg13",6.2
"avgbs_64000.1.55","Mrg21",178.3
"avgbs_64114.1.26","Mrg28",44.4
"avgbs_64232.1.26","Mrg19",28.7
"avgbs_64259.1.11","Mrg21",148.2
"avgbs_64382.1.52","Mrg09",116.2
"avgbs_64396.1.24","Mrg09",30.4
"avgbs_64397.1.35","Mrg24",37.3
"avgbs_6445.1.10","Mrg05",80.2
"avgbs_6465.1.14","Mrg13",60
"avgbs_64773.1.26","Mrg17",66.1
"avgbs_64980.1.54","Mrg03",109.8
"avgbs_65313.1.6","Mrg17",32.2
"avgbs_65377.1.17","Mrg24",95.3
"avgbs_65413.1.52","Mrg15",52.7
"avgbs_65419.1.48","Mrg09",63.3
"avgbs_65443.1.30","Mrg20",138.5
"avgbs_655.1.9","Mrg28",44.4
"avgbs_65522.1.49","Mrg33",91.5
"avgbs_65538.1.56","Mrg23",30.2
"avgbs_65539.1.55","Mrg24",41.8
"avgbs_65553.1.39","Mrg09",49.2
"avgbs_65615.1.54","Mrg15",35.1
"avgbs_65776.1.41","Mrg05",27.4
"avgbs_65788.1.47","Mrg12",40.2
"avgbs_65804.1.16","Mrg08",62.4
"avgbs_65813.1.19","Mrg21",186.9
"avgbs_65838.1.51","Mrg06",64.7
"avgbs_65871.1.45","Mrg20",196.3
"avgbs_65952.1.10","Mrg13",60
"avgbs_6599.1.57","Mrg04",44.7
"avgbs_66362.1.25","Mrg03",65
"avgbs_66465.1.18","Mrg12",63.5
"avgbs_665.1.36","Mrg03",37.1
"avgbs_66529.1.8","Mrg02",87.3
"avgbs_66677.1.49","Mrg21",25.5
"avgbs_66846.1.45","Mrg19",64.2
"avgbs_66854.1.50","Mrg21",27.3
"avgbs_66937.1.19","Mrg33",37.6
"avgbs_66996.1.51","Mrg13",41.2
"avgbs_6709.1.53","Mrg02",87.3
"avgbs_67183.1.55","Mrg24",95.3
"avgbs_67302.1.12","Mrg17",110.4
"avgbs_67344.1.11","Mrg24",60.2
"avgbs_67530.1.43","Mrg24",60.2
"avgbs_67543.1.25","Mrg03",75.8
"avgbs_67562.1.37","Mrg02",85.2
"avgbs_67597.1.56","Mrg11",45.6
"avgbs_67611.1.64","Mrg13",60
"avgbs_67661.1.12","Mrg15",35.1
"avgbs_6788.1.53","Mrg05",56.5
"avgbs_67973.1.49","Mrg13",45.3
"avgbs_67981.1.43","Mrg01",52.7
"avgbs_68000.1.21","Mrg24",45
"avgbs_68094.1.34","Mrg09",43.4
"avgbs_6820.1.42","Mrg15",13.9
"avgbs_68227.1.12","Mrg17",75.6
"avgbs_6831.1.32","Mrg02",26.8
"avgbs_68395.1.37","Mrg01",111.7
"avgbs_6847.1.32","Mrg09",96.8
"avgbs_68530.1.10","Mrg17",92.5
"avgbs_68546.1.58","Mrg17",83.6
"avgbs_68557.1.46","Mrg03",129.9
"avgbs_6865.1.14","Mrg19",10.4
"avgbs_68758.1.46","Mrg21",140.1
"avgbs_68808.1.45","Mrg33",73
"avgbs_6886.1.58","Mrg17",37.3
"avgbs_6887.1.43","Mrg03",6.5
"avgbs_6920.1.44","Mrg12",39.4
"avgbs_69258.1.23","Mrg20",18
"avgbs_69265.1.22","Mrg02",87.3
"avgbs_69266.1.44","Mrg13",78.5
"avgbs_69337.1.42","Mrg12",46.3
"avgbs_69343.1.22","Mrg06",87
"avgbs_6942.1.30","Mrg18",11.6
"avgbs_69537.1.37","Mrg01",39.3
"avgbs_69745.1.56","Mrg09",31.6
"avgbs_69747.1.44","Mrg15",33.6
"avgbs_69754.1.31","Mrg03",63.6
"avgbs_69900.1.31","Mrg01",22.8
"avgbs_69904.1.10","Mrg23",57.8
"avgbs_6K_100229.1.56","Mrg09",40.3
"avgbs_6K_102362.1.11","Mrg03",80.3
"avgbs_6K_103591.1.7","Mrg18",40.3
"avgbs_6K_103854.1.11","Mrg15",72.9
"avgbs_6K_107615.1.61","Mrg08",62.4
"avgbs_6K_107664.1.57","Mrg15",72.9
"avgbs_6K_111208.1.58","Mrg21",113.2
"avgbs_6K_11246.1.52","Mrg09",131.6
"avgbs_6K_112993.1.59","Mrg08",96.6
"avgbs_6K_113531.1.62","Mrg17",37.3
"avgbs_6K_115938.1.59","Mrg23",57.8
"avgbs_6K_13916.1.54","Mrg08",153.1
"avgbs_6K_1427.1.6","Mrg17",32.2
"avgbs_6K_1598.1.12","Mrg23",57.8
"avgbs_6K_1994.1.51","Mrg20",226.6
"avgbs_6K_22030.1.8","Mrg02",27.4
"avgbs_6K_2425.1.6","Mrg08",31.7
"avgbs_6K_24823.1.63","Mrg09",116.2
"avgbs_6K_26325.1.59","Mrg17",14
"avgbs_6K_28982.1.51","Mrg20",249.7
"avgbs_6K_2960.1.55","Mrg20",147.3
"avgbs_6K_30360.1.61","Mrg03",83.8
"avgbs_6K_32694.1.58","Mrg09",86.8
"avgbs_6K_33528.1.58","Mrg24",41.8
"avgbs_6K_3471.1.7","Mrg04",37.9
"avgbs_6K_40752.1.8","Mrg20",84.2
"avgbs_6K_47031.1.6","Mrg23",57.8
"avgbs_6K_52130.1.13","Mrg18",18.1
"avgbs_6K_5806.1.14","Mrg11",8.8
"avgbs_6K_6231.1.9","Mrg08",97.3
"avgbs_6K_64994.1.51","Mrg15",27.2
"avgbs_6K_6872.1.6","Mrg17",69.3
"avgbs_6K_70341.1.61","Mrg15",11.6
"avgbs_6K_70597.1.11","Mrg19",50.9
"avgbs_6K_70684.1.11","Mrg15",35.1
"avgbs_6K_73221.1.7","Mrg13",60
"avgbs_6K_73329.1.8","Mrg04",43.5
"avgbs_6K_73795.1.63","Mrg15",32.7
"avgbs_6K_73993.1.52","Mrg03",83.8
"avgbs_6K_74019.1.8","Mrg03",25.4
"avgbs_6K_75415.1.11","Mrg18",18.1
"avgbs_6K_7563.1.11","Mrg03",11.9
"avgbs_6K_76591.1.11","Mrg20",244.9
"avgbs_6K_78834.1.11","Mrg17",37.3
"avgbs_6K_78935.1.56","Mrg06",104.5
"avgbs_6K_79511.1.62","Mrg11",8.8
"avgbs_6K_80511.1.64","Mrg20",143.6
"avgbs_6K_821.1.55","Mrg08",112.5
"avgbs_6K_84661.1.59","Mrg21",195.7
"avgbs_6K_84842.1.62","Mrg04",44.7
"avgbs_6K_85867.1.13","Mrg11",42
"avgbs_6K_86198.1.64","Mrg21",198.6
"avgbs_6K_86251.1.13","Mrg03",56.1
"avgbs_6K_8948.1.12","Mrg23",30.2
"avgbs_6K_92025.1.13","Mrg20",135.8
"avgbs_6K_92246.1.58","Mrg12",107.9
"avgbs_6K_92268.1.62","Mrg13",60
"avgbs_6K_95238.1.55","Mrg06",102.3
"avgbs_6K_9578.1.51","Mrg18",61.8
"avgbs_6K_9676.1.6","Mrg24",19.4
"avgbs_6K_99288.1.8","Mrg08",117.5
"avgbs_6K_99943.1.54","Mrg13",45.8
"avgbs_700.1.18","Mrg15",32.7
"avgbs_70019.1.41","Mrg11",12.3
"avgbs_70250.1.50","Mrg13",60
"avgbs_7031.1.18","Mrg13",41.2
"avgbs_70347.1.46","Mrg18",32.5
"avgbs_70400.1.25","Mrg09",103.8
"avgbs_70573.1.41","Mrg21",195.7
"avgbs_70717.1.64","Mrg17",95
"avgbs_70802.1.32","Mrg23",60.4
"avgbs_70945.1.43","Mrg15",7.3
"avgbs_70970.1.35","Mrg18",40
"avgbs_71007.1.62","Mrg23",46.3
"avgbs_71012.1.39","Mrg05",81.7
"avgbs_71104.1.47","Mrg17",70.5
"avgbs_71273.1.24","Mrg05",56.5
"avgbs_71321.1.18","Mrg20",97.1
"avgbs_71350.1.18","Mrg21",172
"avgbs_71467.1.19","Mrg09",22.2
"avgbs_7158.1.51","Mrg20",193.6
"avgbs_71612.1.57","Mrg13",40.8
"avgbs_71654.1.48","Mrg02",87.3
"avgbs_71702.1.42","Mrg13",42.1
"avgbs_7172.1.11","Mrg09",16.2
"avgbs_71829.1.20","Mrg33",65
"avgbs_72120.1.27","Mrg11",8.8
"avgbs_72130.1.24","Mrg11",14.4
"avgbs_72139.1.30","Mrg15",25.5
"avgbs_72141.1.25","Mrg02",72.1
"avgbs_72296.1.41","Mrg09",16
"avgbs_72307.1.45","Mrg09",49.2
"avgbs_72419.1.56","Mrg21",181.1
"avgbs_72609.1.29","Mrg04",37.9
"avgbs_72706.1.58","Mrg09",63.7
"avgbs_72729.1.15","Mrg01",57.2
"avgbs_72741.1.47","Mrg11",49.8
"avgbs_72745.1.36","Mrg11",39.2
"avgbs_73073.1.22","Mrg19",45.4
"avgbs_73081.1.31","Mrg20",218.3
"avgbs_73115.1.35","Mrg05",109.5
"avgbs_73225.1.24","Mrg17",79.8
"avgbs_73229.1.58","Mrg09",50.1
"avgbs_7331.1.58","Mrg06",27.5
"avgbs_73320.1.37","Mrg08",129.6
"avgbs_73334.1.45","Mrg08",132.9
"avgbs_7345.1.11","Mrg17",14.7
"avgbs_7347.1.48","Mrg13",73.1
"avgbs_73565.1.9","Mrg23",69.2
"avgbs_73627.1.26","Mrg20",138.5
"avgbs_7370.1.15","Mrg13",111.7
"avgbs_7381.1.10","Mrg15",32.7
"avgbs_73830.1.9","Mrg04",54.9
"avgbs_73840.1.39","Mrg20",26.6
"avgbs_73887.1.60","Mrg01",117.4
"avgbs_7397.1.23","Mrg15",35.1
"avgbs_73970.1.13","Mrg09",82.3
"avgbs_74047.1.53","Mrg11",108.6
"avgbs_74065.1.25","Mrg24",95.3
"avgbs_74239.1.23","Mrg20",226.6
"avgbs_7430.1.28","Mrg17",36.6
"avgbs_74306.1.34","Mrg18",40
"avgbs_7432.1.16","Mrg28",52
"avgbs_74410.1.42","Mrg15",70.2
"avgbs_74420.1.20","Mrg18",16.5
"avgbs_74452.1.40","Mrg04",44.7
"avgbs_7452.1.17","Mrg09",86.3
"avgbs_74521.1.6","Mrg13",73.1
"avgbs_74532.1.23","Mrg17",32.2
"avgbs_7464.1.63","Mrg17",70.5
"avgbs_7483.1.44","Mrg02",87.3
"avgbs_74894.1.35","Mrg11",65.9
"avgbs_7498.1.47","Mrg20",41.6
"avgbs_75039.1.34","Mrg18",32.5
"avgbs_7505.1.16","Mrg08",145.7
"avgbs_7508.1.54","Mrg17",75.6
"avgbs_75179.1.45","Mrg20",202.7
"avgbs_75366.1.20","Mrg09",111.3
"avgbs_75373.1.18","Mrg15",92.4
"avgbs_75389.1.31","Mrg24",45
"avgbs_75454.1.21","Mrg11",22.3
"avgbs_7548.1.60","Mrg02",34.1
"avgbs_75484.1.31","Mrg06",67.6
"avgbs_75515.1.6","Mrg08",71.1
"avgbs_7556.1.48","Mrg23",56.1
"avgbs_75576.1.40","Mrg15",32.7
"avgbs_75747.1.38","Mrg03",27.7
"avgbs_75803.1.17","Mrg24",23.1
"avgbs_76050.1.16","Mrg15",52.7
"avgbs_7608.1.60","Mrg24",36.8
"avgbs_76220.1.9","Mrg08",118.9
"avgbs_76243.1.49","Mrg06",29.7
"avgbs_76497.1.36","Mrg17",83.9
"avgbs_76515.1.64","Mrg15",22
"avgbs_76528.1.34","Mrg01",57.2
"avgbs_7655.1.24","Mrg03",83.8
"avgbs_76581.1.57","Mrg02",23.2
"avgbs_76592.1.21","Mrg01",34.6
"avgbs_76639.1.64","Mrg08",149.1
"avgbs_76785.1.54","Mrg01",64.8
"avgbs_76789.1.27","Mrg28",36.7
"avgbs_76841.1.12","Mrg21",125.8
"avgbs_76941.1.62","Mrg06",67.6
"avgbs_77024.1.36","Mrg04",17.6
"avgbs_7707.1.60","Mrg20",41.6
"avgbs_77095.1.28","Mrg05",98.7
"avgbs_77096.1.29","Mrg17",32.8
"avgbs_77147.1.52","Mrg06",51.5
"avgbs_77177.1.37","Mrg15",25.5
"avgbs_77179.1.20","Mrg23",55.2
"avgbs_77246.1.52","Mrg09",78.3
"avgbs_77316.1.25","Mrg05",80.8
"avgbs_77317.1.24","Mrg17",89.4
"avgbs_77377.1.33","Mrg03",53.4
"avgbs_77406.1.48","Mrg17",37.3
"avgbs_77446.1.41","Mrg20",147.3
"avgbs_77487.1.18","Mrg03",70.1
"avgbs_77509.1.57","Mrg20",193.6
"avgbs_77606.1.16","Mrg23",57.8
"avgbs_77649.1.31","Mrg20",18
"avgbs_77667.1.21","Mrg21",81.6
"avgbs_77681.1.6","Mrg19",75.2
"avgbs_7775.1.24","Mrg02",71.2
"avgbs_77763.1.19","Mrg17",68.5
"avgbs_77927.1.14","Mrg19",78.5
"avgbs_77952.1.30","Mrg12",63.5
"avgbs_77955.1.63","Mrg17",89.4
"avgbs_78035.1.26","Mrg17",78.8
"avgbs_7808.1.42","Mrg01",34.9
"avgbs_78164.1.6","Mrg02",73.3
"avgbs_78208.1.20","Mrg01",50.7
"avgbs_78214.1.12","Mrg09",82.3
"avgbs_78521.1.34","Mrg23",65.3
"avgbs_7853.1.35","Mrg06",65.3
"avgbs_78538.1.54","Mrg24",74.8
"avgbs_78609.1.52","Mrg12",56.7
"avgbs_7862.1.20","Mrg15",5.1
"avgbs_78620.1.27","Mrg11",108.6
"avgbs_78641.1.7","Mrg12",57.8
"avgbs_7875.1.61","Mrg11",8.8
"avgbs_7886.1.63","Mrg09",44.7
"avgbs_78971.1.25","Mrg23",53.8
"avgbs_79.1.35","Mrg17",27.9
"avgbs_79034.1.44","Mrg01",23.8
"avgbs_7906.1.22","Mrg28",44.4
"avgbs_79119.1.34","Mrg09",50.9
"avgbs_7925.1.34","Mrg11",8.8
"avgbs_7933.1.9","Mrg01",57.2
"avgbs_79449.1.33","Mrg24",94.1
"avgbs_79452.1.24","Mrg18",30.9
"avgbs_79463.1.64","Mrg33",73.4
"avgbs_79469.1.58","Mrg17",62.9
"avgbs_79488.1.27","Mrg05",56.5
"avgbs_7957.1.53","Mrg09",61.8
"avgbs_79583.1.57","Mrg21",37.8
"avgbs_79604.1.39","Mrg09",43.4
"avgbs_7961.1.56","Mrg17",57.3
"avgbs_7965.1.30","Mrg18",35.2
"avgbs_79662.1.52","Mrg12",29.5
"avgbs_7970.1.50","Mrg09",85.9
"avgbs_7983.1.17","Mrg13",69.5
"avgbs_7994.1.20","Mrg24",19.9
"avgbs_79972.1.29","Mrg21",27.3
"avgbs_79987.1.36","Mrg28",36.8
"avgbs_80009.1.7","Mrg11",8.8
"avgbs_8018.1.39","Mrg02",87.3
"avgbs_80185.1.22","Mrg24",56.1
"avgbs_80265.1.22","Mrg06",38
"avgbs_80330.1.18","Mrg21",183.3
"avgbs_80337.1.37","Mrg11",52.8
"avgbs_80343.1.17","Mrg20",122.8
"avgbs_80388.1.64","Mrg21",27.3
"avgbs_80438.1.33","Mrg11",48.8
"avgbs_80450.1.18","Mrg09",43.4
"avgbs_80505.1.13","Mrg17",24.5
"avgbs_8053.1.64","Mrg13",108.5
"avgbs_80590.1.47","Mrg13",106.5
"avgbs_8073.1.40","Mrg15",11.6
"avgbs_80745.1.29","Mrg03",75.8
"avgbs_80753.1.36","Mrg09",50.9
"avgbs_80792.1.36","Mrg03",77.8
"avgbs_8080.1.36","Mrg24",23.1
"avgbs_80845.1.23","Mrg13",35.9
"avgbs_80864.1.41","Mrg13",60
"avgbs_80876.1.31","Mrg06",0
"avgbs_80910.1.23","Mrg09",43.4
"avgbs_8093.1.39","Mrg11",45.6
"avgbs_80981.1.44","Mrg03",25.4
"avgbs_81026.1.8","Mrg21",186.9
"avgbs_8117.1.18","Mrg33",91.5
"avgbs_81242.1.24","Mrg17",61.5
"avgbs_81244.1.18","Mrg17",75.6
"avgbs_8134.1.18","Mrg03",65
"avgbs_8135.1.14","Mrg19",45.4
"avgbs_8155.1.56","Mrg03",65
"avgbs_81602.1.41","Mrg23",53.8
"avgbs_81828.1.19","Mrg06",0
"avgbs_81885.1.38","Mrg23",53.7
"avgbs_8194.1.56","Mrg15",32.7
"avgbs_81958.1.26","Mrg05",57.3
"avgbs_81972.1.53","Mrg03",19.3
"avgbs_81987.1.50","Mrg11",9.8
"avgbs_82071.1.49","Mrg24",23.1
"avgbs_821.1.30","Mrg06",67.6
"avgbs_82133.1.8","Mrg04",4.9
"avgbs_82168.1.18","Mrg28",96.2
"avgbs_82201.1.50","Mrg24",5.4
"avgbs_82220.1.16","Mrg13",35.9
"avgbs_82618.1.13","Mrg09",125.7
"avgbs_82635.1.20","Mrg17",26.1
"avgbs_82761.1.27","Mrg18",34.4
"avgbs_82822.1.36","Mrg24",5.4
"avgbs_82826.1.19","Mrg02",85.2
"avgbs_82845.1.42","Mrg03",37.1
"avgbs_8290.1.64","Mrg05",22.1
"avgbs_82920.1.60","Mrg09",121.6
"avgbs_82944.1.16","Mrg21",111.3
"avgbs_83045.1.61","Mrg06",25.2
"avgbs_8308.1.37","Mrg13",6.2
"avgbs_83226.1.31","Mrg17",70.5
"avgbs_83283.1.35","Mrg21",195.7
"avgbs_83393.1.31","Mrg09",42.6
"avgbs_83414.1.11","Mrg02",85.2
"avgbs_83434.1.15","Mrg04",44.7
"avgbs_83489.1.51","Mrg15",51.5
"avgbs_83534.1.38","Mrg02",79.7
"avgbs_83544.1.59","Mrg17",49.9
"avgbs_8366.1.34","Mrg33",40.9
"avgbs_83807.1.26","Mrg18",39.6
"avgbs_83913.1.12","Mrg18",9
"avgbs_84004.1.43","Mrg04",17.6
"avgbs_84218.1.20","Mrg21",125.8
"avgbs_84274.1.48","Mrg09",53.1
"avgbs_8429.1.42","Mrg09",132.7
"avgbs_8444.1.29","Mrg09",98.1
"avgbs_84537.1.38","Mrg05",6.5
"avgbs_84568.1.18","Mrg03",77.8
"avgbs_84577.1.44","Mrg09",73.5
"avgbs_8471.1.44","Mrg18",18.1
"avgbs_84738.1.64","Mrg18",69.8
"avgbs_8477.1.60","Mrg20",21.5
"avgbs_84800.1.26","Mrg01",109
"avgbs_84833.1.45","Mrg09",48.2
"avgbs_84933.1.7","Mrg06",56.1
"avgbs_84942.1.34","Mrg13",31
"avgbs_84962.1.35","Mrg06",116
"avgbs_84971.1.26","Mrg12",63.5
"avgbs_84974.1.19","Mrg03",56.9
"avgbs_84996.1.62","Mrg12",104.7
"avgbs_85001.1.21","Mrg24",41.8
"avgbs_85023.1.7","Mrg03",80.3
"avgbs_85035.1.6","Mrg28",57.7
"avgbs_85038.1.29","Mrg20",122.8
"avgbs_85054.1.9","Mrg15",32.7
"avgbs_85206.1.21","Mrg18",56
"avgbs_85225.1.56","Mrg20",193
"avgbs_85333.1.35","Mrg11",71.3
"avgbs_85537.1.10","Mrg02",23.2
"avgbs_85571.1.14","Mrg19",45.3
"avgbs_85582.1.39","Mrg13",42.1
"avgbs_85652.1.26","Mrg06",25.2
"avgbs_85886.1.50","Mrg09",44.7
"avgbs_85891.1.24","Mrg20",122.8
"avgbs_85912.1.24","Mrg01",112.7
"avgbs_85939.1.37","Mrg03",25
"avgbs_85990.1.58","Mrg20",202.6
"avgbs_86092.1.54","Mrg03",77.8
"avgbs_86103.1.37","Mrg23",49.5
"avgbs_8617.1.25","Mrg11",60.5
"avgbs_86209.1.24","Mrg09",116.2
"avgbs_86218.1.19","Mrg11",54
"avgbs_8627.1.15","Mrg24",41.8
"avgbs_86291.1.40","Mrg12",63.5
"avgbs_86297.1.53","Mrg11",39.2
"avgbs_86308.1.35","Mrg17",34
"avgbs_86398.1.37","Mrg21",155.7
"avgbs_86455.1.31","Mrg21",28.3
"avgbs_86473.1.40","Mrg17",49.5
"avgbs_86506.1.9","Mrg01",92.5
"avgbs_86509.1.10","Mrg09",68.3
"avgbs_86510.1.44","Mrg01",52.6
"avgbs_86543.1.25","Mrg21",2.1
"avgbs_86555.1.7","Mrg13",42.1
"avgbs_86611.1.50","Mrg09",44.7
"avgbs_86619.1.57","Mrg17",47.3
"avgbs_86640.1.26","Mrg24",78.6
"avgbs_86684.1.28","Mrg15",21.4
"avgbs_86695.1.45","Mrg17",50.8
"avgbs_86730.1.50","Mrg03",37.1
"avgbs_86754.1.56","Mrg18",83.6
"avgbs_86782.1.50","Mrg09",22
"avgbs_86872.1.8","Mrg01",117.4
"avgbs_86933.1.32","Mrg05",58
"avgbs_86973.1.35","Mrg17",56.5
"avgbs_8699.1.21","Mrg28",44.4
"avgbs_8709.1.40","Mrg28",56.7
"avgbs_87092.1.63","Mrg11",96.6
"avgbs_87098.1.32","Mrg17",32.2
"avgbs_87193.1.34","Mrg18",60.1
"avgbs_87226.1.31","Mrg13",18.2
"avgbs_87303.1.50","Mrg13",73.6
"avgbs_87332.1.29","Mrg05",127.5
"avgbs_87451.1.64","Mrg21",205.7
"avgbs_87466.1.39","Mrg15",27.2
"avgbs_87467.1.16","Mrg03",80.3
"avgbs_87472.1.59","Mrg08",110.2
"avgbs_87498.1.14","Mrg01",64.8
"avgbs_87534.1.61","Mrg21",190.3
"avgbs_87549.1.18","Mrg20",41.6
"avgbs_87606.1.28","Mrg01",50.7
"avgbs_87696.1.50","Mrg11",13.7
"avgbs_87709.1.19","Mrg06",44.5
"avgbs_87768.1.52","Mrg03",73.1
"avgbs_87881.1.14","Mrg11",100.9
"avgbs_88010.1.34","Mrg28",56.7
"avgbs_88269.1.13","Mrg15",32.7
"avgbs_88448.1.46","Mrg13",42.1
"avgbs_88481.1.34","Mrg17",78.8
"avgbs_88861.1.34","Mrg17",32.2
"avgbs_88971.1.13","Mrg06",72.1
"avgbs_88984.1.61","Mrg11",8.8
"avgbs_89013.1.17","Mrg12",63.5
"avgbs_89273.1.19","Mrg08",105.5
"avgbs_89279.1.28","Mrg21",27.3
"avgbs_89302.1.21","Mrg08",58
"avgbs_89343.1.17","Mrg11",68.8
"avgbs_8938.1.43","Mrg21",28.3
"avgbs_8939.1.11","Mrg01",83.9
"avgbs_89481.1.11","Mrg06",53.7
"avgbs_89518.1.62","Mrg06",87.2
"avgbs_89539.1.16","Mrg03",75.8
"avgbs_896.1.26","Mrg19",77.7
"avgbs_89617.1.26","Mrg20",185.4
"avgbs_89655.1.37","Mrg08",41.5
"avgbs_8966.1.26","Mrg20",16.6
"avgbs_89724.1.29","Mrg01",117.4
"avgbs_90024.1.8","Mrg19",49.8
"avgbs_90063.1.57","Mrg21",130.8
"avgbs_90097.1.23","Mrg24",23.3
"avgbs_90115.1.34","Mrg06",14.5
"avgbs_90197.1.20","Mrg21",27.3
"avgbs_902.1.34","Mrg05",33.2
"avgbs_90212.1.19","Mrg17",84.3
"avgbs_9037.1.34","Mrg24",2.7
"avgbs_90532.1.45","Mrg03",25.4
"avgbs_90649.1.53","Mrg11",40.8
"avgbs_90678.1.27","Mrg23",59.1
"avgbs_9069.1.20","Mrg13",40.8
"avgbs_90768.1.37","Mrg01",85.7
"avgbs_90896.1.64","Mrg20",93.8
"avgbs_90956.1.27","Mrg15",68.7
"avgbs_90977.1.48","Mrg18",35.2
"avgbs_9105.1.15","Mrg13",95.8
"avgbs_9119.1.43","Mrg12",37.5
"avgbs_91192.1.7","Mrg02",73.3
"avgbs_9128.1.42","Mrg15",33.6
"avgbs_9145.1.19","Mrg17",80
"avgbs_9151.1.47","Mrg17",98.1
"avgbs_91541.1.36","Mrg15",35.1
"avgbs_91680.1.59","Mrg15",10.3
"avgbs_91688.1.26","Mrg12",63.5
"avgbs_91691.1.15","Mrg09",47.1
"avgbs_91772.1.56","Mrg20",219.3
"avgbs_91787.1.63","Mrg01",41.6
"avgbs_91789.1.24","Mrg21",28.3
"avgbs_91792.1.60","Mrg12",63.5
"avgbs_91809.1.15","Mrg15",35.1
"avgbs_9184.1.7","Mrg05",44.2
"avgbs_91917.1.30","Mrg21",32.1
"avgbs_91957.1.55","Mrg13",35.9
"avgbs_91986.1.19","Mrg06",41.8
"avgbs_92056.1.28","Mrg09",73.5
"avgbs_92091.1.28","Mrg15",15
"avgbs_9232.1.15","Mrg12",29.5
"avgbs_9234.1.60","Mrg23",92.8
"avgbs_92365.1.32","Mrg15",49.5
"avgbs_9243.1.12","Mrg15",72.9
"avgbs_92448.1.22","Mrg11",3.7
"avgbs_92515.1.34","Mrg09",49.4
"avgbs_92588.1.32","Mrg17",92.5
"avgbs_92648.1.36","Mrg21",197.6
"avgbs_92653.1.30","Mrg09",125.7
"avgbs_92666.1.30","Mrg13",108.5
"avgbs_92856.1.33","Mrg05",56.5
"avgbs_92861.1.54","Mrg05",97.9
"avgbs_92926.1.22","Mrg01",109
"avgbs_93020.1.34","Mrg20",149.3
"avgbs_93021.1.16","Mrg09",116.4
"avgbs_93119.1.60","Mrg11",108.6
"avgbs_93209.1.8","Mrg09",125.7
"avgbs_93252.1.62","Mrg23",64.6
"avgbs_93267.1.35","Mrg21",167.7
"avgbs_93310.1.20","Mrg21",125.8
"avgbs_93350.1.45","Mrg03",75.8
"avgbs_93505.1.42","Mrg12",33.4
"avgbs_936.1.20","Mrg17",37.3
"avgbs_93686.1.30","Mrg12",55.3
"avgbs_9374.1.16","Mrg01",114.4
"avgbs_93787.1.58","Mrg11",45.6
"avgbs_93789.1.22","Mrg21",122.8
"avgbs_9399.1.9","Mrg12",4.2
"avgbs_94017.1.23","Mrg19",66
"avgbs_94095.1.23","Mrg13",35.9
"avgbs_94173.1.30","Mrg28",56.7
"avgbs_94188.1.13","Mrg19",40.7
"avgbs_9437.1.17","Mrg17",24.5
"avgbs_94419.1.28","Mrg09",43.4
"avgbs_94565.1.32","Mrg03",91.8
"avgbs_94638.1.46","Mrg13",114.6
"avgbs_9480.1.50","Mrg13",6.2
"avgbs_94808.1.39","Mrg17",95.4
"avgbs_9486.1.40","Mrg03",51.5
"avgbs_94911.1.20","Mrg06",67.6
"avgbs_95054.1.61","Mrg21",25.8
"avgbs_95067.1.38","Mrg05",58.6
"avgbs_95303.1.18","Mrg02",33.6
"avgbs_9554.1.15","Mrg24",41.8
"avgbs_9566.1.58","Mrg17",37.3
"avgbs_9580.1.24","Mrg02",27.1
"avgbs_96101.1.8","Mrg24",5.4
"avgbs_96111.1.48","Mrg03",77.8
"avgbs_96243.1.38","Mrg12",67.8
"avgbs_96277.1.64","Mrg09",50.9
"avgbs_96467.1.43","Mrg01",45.1
"avgbs_96489.1.25","Mrg33",42.9
"avgbs_96503.1.40","Mrg33",73
"avgbs_96746.1.61","Mrg09",131.6
"avgbs_96754.1.26","Mrg20",203.2
"avgbs_96769.1.27","Mrg13",35.9
"avgbs_96887.1.17","Mrg12",67.8
"avgbs_96922.1.35","Mrg20",204.8
"avgbs_97069.1.7","Mrg03",64.3
"avgbs_9710.1.6","Mrg09",40.3
"avgbs_97143.1.43","Mrg13",39.4
"avgbs_97250.1.25","Mrg01",31.7
"avgbs_97286.1.30","Mrg06",51.7
"avgbs_97398.1.50","Mrg20",70.8
"avgbs_97451.1.11","Mrg05",135.5
"avgbs_97755.1.14","Mrg04",51.7
"avgbs_97815.1.55","Mrg17",70.2
"avgbs_97832.1.57","Mrg08",149.1
"avgbs_97875.1.34","Mrg18",68.3
"avgbs_97916.1.43","Mrg20",216.2
"avgbs_97950.1.9","Mrg06",57.7
"avgbs_97982.1.36","Mrg15",35.1
"avgbs_98067.1.62","Mrg06",72.1
"avgbs_98142.1.36","Mrg09",132.7
"avgbs_98194.1.6","Mrg01",50.1
"avgbs_98336.1.44","Mrg09",94.9
"avgbs_98339.1.39","Mrg24",95.3
"avgbs_98416.1.26","Mrg01",23.8
"avgbs_98689.1.39","Mrg19",10.2
"avgbs_98727.1.36","Mrg06",87
"avgbs_98816.1.14","Mrg09",111.7
"avgbs_98842.1.56","Mrg09",103.8
"avgbs_98892.1.56","Mrg20",231.4
"avgbs_98893.1.27","Mrg01",57.2
"avgbs_98908.1.31","Mrg03",125
"avgbs_98931.1.10","Mrg11",28.6
"avgbs_99000.1.42","Mrg05",56.5
"avgbs_99055.1.19","Mrg20",202.6
"avgbs_99086.1.26","Mrg09",91.9
"avgbs_9910.1.41","Mrg04",44.7
"avgbs_99122.1.22","Mrg15",72.9
"avgbs_99141.1.27","Mrg33",73.4
"avgbs_9931.1.42","Mrg17",24.9
"avgbs_9934.1.31","Mrg33",56.5
"avgbs_99390.1.48","Mrg03",46.3
"avgbs_99396.1.15","Mrg21",190.9
"avgbs_99510.1.39","Mrg08",123.6
"avgbs_99551.1.50","Mrg17",33.2
"avgbs_99554.1.17","Mrg28",15.4
"avgbs_99630.1.19","Mrg19",45.4
"avgbs_99651.1.12","Mrg15",49.5
"avgbs_99653.1.51","Mrg05",48.2
"avgbs_99655.1.51","Mrg09",110.5
"avgbs_99656.1.17","Mrg12",36.3
"avgbs_99664.1.31","Mrg23",62.1
"avgbs_99677.1.15","Mrg17",78.8
"avgbs_99796.1.40","Mrg17",68.4
"avgbs_99832.1.18","Mrg12",57.8
"avgbs_99879.1.40","Mrg11",73.2
"avgbs_99900.1.15","Mrg13",42.1
"avgbs_9992.1.36","Mrg17",75.6
"avgbs_99948.1.55","Mrg19",60
"avgbs_9995.1.62","Mrg17",37.3
"avgbs_99951.1.44","Mrg18",40
"avgbs_99953.1.23","Mrg01",76.6
"avgbs_99962.1.22","Mrg17",25.8
"avgbs_99988.1.8","Mrg04",29.7
"avgbs_99998.1.36","Mrg09",22
"avgbs_99999.1.55","Mrg03",71.5
"avgbs_cluster_10038.1.25","Mrg12",33.4
"avgbs_cluster_10038.1.50","Mrg12",33.4
"avgbs_cluster_10038.1.6","Mrg12",33.4
"avgbs_cluster_10083.1.14","Mrg08",105.5
"avgbs_cluster_10087.1.34","Mrg13",60
"avgbs_cluster_10094.1.59","Mrg09",50.9
"avgbs_cluster_10096.1.33","Mrg01",50.4
"avgbs_cluster_10112.1.62","Mrg33",59.2
"avgbs_cluster_1014.1.13","Mrg20",226.6
"avgbs_cluster_1014.1.18","Mrg20",226.6
"avgbs_cluster_1014.1.8","Mrg20",226.6
"avgbs_cluster_10157.1.15","Mrg21",187.6
"avgbs_cluster_10157.1.48","Mrg21",187.6
"avgbs_cluster_10180.1.48","Mrg09",73.5
"avgbs_cluster_10198.1.38","Mrg03",58.3
"avgbs_cluster_10198.1.51","Mrg03",58.3
"avgbs_cluster_10228.1.52","Mrg20",243.9
"avgbs_cluster_10244.1.6","Mrg18",18.1
"avgbs_cluster_10281.1.47","Mrg20",18
"avgbs_cluster_103.1.57","Mrg04",24.6
"avgbs_cluster_10308.1.12","Mrg12",53.5
"avgbs_cluster_10308.1.29","Mrg12",53.5
"avgbs_cluster_10366.1.47","Mrg21",-3
"avgbs_cluster_10398.1.41","Mrg20",97.1
"avgbs_cluster_10406.1.43","Mrg06",55.6
"avgbs_cluster_10424.1.20","Mrg08",31.6
"avgbs_cluster_1043.1.64","Mrg12",46.3
"avgbs_cluster_10508.1.24","Mrg08",125.3
"avgbs_cluster_10508.1.32","Mrg08",125.3
"avgbs_cluster_10513.1.10","Mrg21",172
"avgbs_cluster_10513.1.22","Mrg21",172
"avgbs_cluster_10513.1.38","Mrg21",172
"avgbs_cluster_10545.1.64","Mrg03",45.7
"avgbs_cluster_10588.1.18","Mrg09",94.6
"avgbs_cluster_10588.1.60","Mrg09",94.6
"avgbs_cluster_106.1.52","Mrg06",29.1
"avgbs_cluster_10602.1.20","Mrg03",19.5
"avgbs_cluster_10603.1.27","Mrg15",21.4
"avgbs_cluster_10630.1.36","Mrg11",23
"avgbs_cluster_10630.2.9","Mrg20",185.4
"avgbs_cluster_10695.1.30","Mrg20",197.8
"avgbs_cluster_1077.1.59","Mrg24",95.3
"avgbs_cluster_1081.1.11","Mrg12",63.5
"avgbs_cluster_10837.1.36","Mrg09",22.2
"avgbs_cluster_10837.1.7","Mrg09",22.2
"avgbs_cluster_1084.1.25","Mrg03",82.8
"avgbs_cluster_1084.1.26","Mrg03",82.8
"avgbs_cluster_1084.1.58","Mrg03",114.2
"avgbs_cluster_10863.1.21","Mrg03",82.8
"avgbs_cluster_1088.1.13","Mrg11",31.9
"avgbs_cluster_10890.1.15","Mrg18",7.3
"avgbs_cluster_10890.1.53","Mrg18",7.3
"avgbs_cluster_10892.1.51","Mrg28",43.8
"avgbs_cluster_1090.1.57","Mrg33",26.3
"avgbs_cluster_10939.1.32","Mrg24",78.6
"avgbs_cluster_10939.1.47","Mrg24",78.6
"avgbs_cluster_10949.1.40","Mrg01",81.4
"avgbs_cluster_10949.1.44","Mrg01",81.4
"avgbs_cluster_10953.1.64","Mrg28",31.8
"avgbs_cluster_11.1.10","Mrg03",103.3
"avgbs_cluster_111.1.55","Mrg19",70.1
"avgbs_cluster_111.1.6","Mrg19",66.8
"avgbs_cluster_11141.1.35","Mrg03",9.8
"avgbs_cluster_11141.1.7","Mrg03",9.8
"avgbs_cluster_11142.1.39","Mrg20",122.8
"avgbs_cluster_11142.1.48","Mrg20",122.8
"avgbs_cluster_11170.1.34","Mrg08",149.1
"avgbs_cluster_11170.1.54","Mrg08",149.1
"avgbs_cluster_11206.1.8","Mrg13",29.7
"avgbs_cluster_1130.1.21","Mrg11",3.7
"avgbs_cluster_11311.1.39","Mrg20",191.7
"avgbs_cluster_11311.1.64","Mrg20",191.7
"avgbs_cluster_11338.1.11","Mrg28",20.3
"avgbs_cluster_11338.1.26","Mrg28",20.3
"avgbs_cluster_11371.1.45","Mrg02",107.5
"avgbs_cluster_11382.1.39","Mrg15",16.4
"avgbs_cluster_11382.1.59","Mrg15",16.4
"avgbs_cluster_11386.1.18","Mrg20",147.3
"avgbs_cluster_11386.1.19","Mrg20",147.3
"avgbs_cluster_11386.1.32","Mrg20",147.3
"avgbs_cluster_114.1.54","Mrg01",67.6
"avgbs_cluster_11411.1.34","Mrg11",48.6
"avgbs_cluster_11427.1.26","Mrg04",40.1
"avgbs_cluster_11427.1.37","Mrg04",41
"avgbs_cluster_11441.1.53","Mrg18",9.5
"avgbs_cluster_11451.1.17","Mrg24",41.8
"avgbs_cluster_11475.1.35","Mrg18",40
"avgbs_cluster_11497.1.60","Mrg09",53.1
"avgbs_cluster_11500.1.55","Mrg06",37.4
"avgbs_cluster_11504.1.38","Mrg18",34.4
"avgbs_cluster_11504.1.41","Mrg18",34.4
"avgbs_cluster_11504.1.58","Mrg18",34.4
"avgbs_cluster_11587.1.58","Mrg01",110.8
"avgbs_cluster_11599.1.23","Mrg01",109
"avgbs_cluster_116.1.51","Mrg20",19.8
"avgbs_cluster_11615.1.54","Mrg01",117.4
"avgbs_cluster_11623.1.9","Mrg01",45
"avgbs_cluster_11648.1.36","Mrg11",39.2
"avgbs_cluster_11679.1.46","Mrg01",89.8
"avgbs_cluster_11679.1.9","Mrg01",89.8
"avgbs_cluster_11695.1.10","Mrg03",101.6
"avgbs_cluster_11724.1.59","Mrg06",116
"avgbs_cluster_11726.1.20","Mrg17",37.3
"avgbs_cluster_11726.1.21","Mrg17",37.3
"avgbs_cluster_1173.1.62","Mrg04",17.5
"avgbs_cluster_1173.1.64","Mrg04",17.5
"avgbs_cluster_11734.1.37","Mrg19",65.6
"avgbs_cluster_11734.1.50","Mrg19",65.6
"avgbs_cluster_11768.1.58","Mrg28",43.8
"avgbs_cluster_1181.1.7","Mrg03",63.5
"avgbs_cluster_11810.1.32","Mrg01",60.8
"avgbs_cluster_11810.1.59","Mrg01",60.8
"avgbs_cluster_1187.1.32","Mrg17",109.9
"avgbs_cluster_1187.1.56","Mrg17",109.9
"avgbs_cluster_11885.1.13","Mrg11",3.7
"avgbs_cluster_11885.1.22","Mrg11",3.7
"avgbs_cluster_11885.1.28","Mrg11",3.7
"avgbs_cluster_11942.1.63","Mrg03",82.8
"avgbs_cluster_12.1.62","Mrg23",30.2
"avgbs_cluster_12017.1.18","Mrg23",46.3
"avgbs_cluster_12017.1.43","Mrg23",46.3
"avgbs_cluster_1205.2.17","Mrg04",20.9
"avgbs_cluster_1208.1.26","Mrg06",67.6
"avgbs_cluster_12109.1.16","Mrg15",23.6
"avgbs_cluster_12144.1.19","Mrg06",67.6
"avgbs_cluster_12189.1.29","Mrg20",204.8
"avgbs_cluster_12189.1.38","Mrg20",204.8
"avgbs_cluster_12209.1.28","Mrg12",56.7
"avgbs_cluster_12209.1.63","Mrg12",56.7
"avgbs_cluster_1221.1.28","Mrg03",25
"avgbs_cluster_1221.1.42","Mrg03",25
"avgbs_cluster_12214.1.62","Mrg28",43.8
"avgbs_cluster_12215.1.6","Mrg20",198.1
"avgbs_cluster_12296.1.23","Mrg23",60.4
"avgbs_cluster_12321.1.62","Mrg02",87.4
"avgbs_cluster_12513.1.63","Mrg15",23.6
"avgbs_cluster_12523.1.48","Mrg06",44.5
"avgbs_cluster_12523.1.7","Mrg06",44.5
"avgbs_cluster_1253.1.12","Mrg24",45
"avgbs_cluster_12534.1.34","Mrg15",22.1
"avgbs_cluster_12562.1.16","Mrg05",56.5
"avgbs_cluster_12564.1.10","Mrg06",67.6
"avgbs_cluster_12564.1.17","Mrg06",67.6
"avgbs_cluster_12564.1.46","Mrg06",67.6
"avgbs_cluster_12571.1.32","Mrg01",108.4
"avgbs_cluster_12579.1.39","Mrg20",147.3
"avgbs_cluster_12579.1.49","Mrg20",147.3
"avgbs_cluster_12579.1.53","Mrg20",147.3
"avgbs_cluster_1261.1.12","Mrg33",58.2
"avgbs_cluster_1261.1.6","Mrg33",58.2
"avgbs_cluster_12621.1.7","Mrg28",43.8
"avgbs_cluster_1265.1.10","Mrg33",73
"avgbs_cluster_1265.1.6","Mrg33",73
"avgbs_cluster_12655.1.16","Mrg09",91.9
"avgbs_cluster_12655.1.23","Mrg09",91.9
"avgbs_cluster_12655.1.61","Mrg09",91.9
"avgbs_cluster_12706.1.62","Mrg01",76.6
"avgbs_cluster_12706.2.50","Mrg01",86.3
"avgbs_cluster_12737.1.24","Mrg05",56.5
"avgbs_cluster_12738.1.43","Mrg20",185.4
"avgbs_cluster_12738.1.61","Mrg20",185.4
"avgbs_cluster_12738.1.63","Mrg20",185.4
"avgbs_cluster_1276.1.54","Mrg21",82
"avgbs_cluster_1276.1.58","Mrg21",82
"avgbs_cluster_12768.1.41","Mrg24",95.3
"avgbs_cluster_12779.1.44","Mrg13",41.2
"avgbs_cluster_12779.1.46","Mrg13",41.2
"avgbs_cluster_12808.1.61","Mrg17",37.3
"avgbs_cluster_12940.1.19","Mrg04",54.9
"avgbs_cluster_12940.1.57","Mrg04",54.9
"avgbs_cluster_12950.1.31","Mrg19",65.4
"avgbs_cluster_12950.1.33","Mrg19",65.4
"avgbs_cluster_12986.1.8","Mrg08",62.4
"avgbs_cluster_13012.1.24","Mrg03",65
"avgbs_cluster_13012.1.38","Mrg03",65
"avgbs_cluster_13012.1.53","Mrg03",65
"avgbs_cluster_1307.1.12","Mrg09",125.7
"avgbs_cluster_1307.1.26","Mrg09",125.7
"avgbs_cluster_1307.1.41","Mrg09",125.7
"avgbs_cluster_13103.1.36","Mrg28",79.8
"avgbs_cluster_13148.1.30","Mrg01",23.8
"avgbs_cluster_13188.1.57","Mrg24",54
"avgbs_cluster_13234.1.39","Mrg13",106.5
"avgbs_cluster_13234.1.60","Mrg13",106.5
"avgbs_cluster_1327.1.10","Mrg09",73.5
"avgbs_cluster_1327.1.63","Mrg09",73.5
"avgbs_cluster_1329.1.15","Mrg01",101.7
"avgbs_cluster_13344.1.17","Mrg01",102.8
"avgbs_cluster_1344.1.56","Mrg09",53.1
"avgbs_cluster_1344.1.62","Mrg09",53.1
"avgbs_cluster_13464.1.52","Mrg01",87.4
"avgbs_cluster_13478.1.6","Mrg01",83.9
"avgbs_cluster_13491.1.11","Mrg21",125.8
"avgbs_cluster_13517.1.12","Mrg13",35.9
"avgbs_cluster_13517.1.20","Mrg13",35.9
"avgbs_cluster_1352.1.11","Mrg06",67.6
"avgbs_cluster_1352.1.38","Mrg06",67.6
"avgbs_cluster_1352.1.41","Mrg06",67.6
"avgbs_cluster_13524.1.43","Mrg06",63.2
"avgbs_cluster_13606.1.14","Mrg08",192.8
"avgbs_cluster_137.1.52","Mrg04",45.6
"avgbs_cluster_13726.1.18","Mrg24",60.2
"avgbs_cluster_13726.1.39","Mrg24",60.2
"avgbs_cluster_13727.1.47","Mrg02",87.3
"avgbs_cluster_13763.1.6","Mrg06",51.7
"avgbs_cluster_13781.1.49","Mrg02",87.3
"avgbs_cluster_13792.1.20","Mrg28",58.1
"avgbs_cluster_13792.1.23","Mrg28",58.1
"avgbs_cluster_13792.1.53","Mrg28",58.3
"avgbs_cluster_13852.1.49","Mrg03",62.7
"avgbs_cluster_13857.1.17","Mrg11",9.8
"avgbs_cluster_13871.1.32","Mrg11",60.5
"avgbs_cluster_139.1.53","Mrg03",48.1
"avgbs_cluster_13912.1.24","Mrg28",36.8
"avgbs_cluster_13919.1.36","Mrg01",57.2
"avgbs_cluster_13919.1.7","Mrg01",57.2
"avgbs_cluster_13927.1.45","Mrg08",81.4
"avgbs_cluster_13946.1.60","Mrg20",147.3
"avgbs_cluster_13946.1.62","Mrg20",147.3
"avgbs_cluster_13946.1.63","Mrg20",147.3
"avgbs_cluster_13946.1.64","Mrg20",147.3
"avgbs_cluster_13959.1.27","Mrg12",63.5
"avgbs_cluster_13990.1.34","Mrg24",41
"avgbs_cluster_13990.1.61","Mrg24",41
"avgbs_cluster_13997.1.34","Mrg15",88.2
"avgbs_cluster_14111.1.62","Mrg02",73.3
"avgbs_cluster_14129.1.20","Mrg02",87.3
"avgbs_cluster_14129.1.25","Mrg02",87.3
"avgbs_cluster_14164.1.15","Mrg05",80.9
"avgbs_cluster_14164.1.16","Mrg05",80.9
"avgbs_cluster_14164.1.17","Mrg05",80.9
"avgbs_cluster_14178.1.58","Mrg18",43.2
"avgbs_cluster_143.1.61","Mrg05",27.1
"avgbs_cluster_14393.1.61","Mrg13",60
"avgbs_cluster_14412.1.55","Mrg01",15.7
"avgbs_cluster_14423.1.10","Mrg02",87.3
"avgbs_cluster_14436.1.14","Mrg09",47.1
"avgbs_cluster_14436.1.24","Mrg09",47.1
"avgbs_cluster_14442.1.41","Mrg15",8.1
"avgbs_cluster_14444.1.20","Mrg02",87.3
"avgbs_cluster_14450.1.21","Mrg19",23.7
"avgbs_cluster_14492.1.6","Mrg08",71.1
"avgbs_cluster_14495.1.12","Mrg18",86.3
"avgbs_cluster_14495.1.52","Mrg18",86.3
"avgbs_cluster_14495.1.6","Mrg18",86.3
"avgbs_cluster_14670.1.22","Mrg12",84.5
"avgbs_cluster_14670.1.27","Mrg12",84.5
"avgbs_cluster_14670.1.31","Mrg12",84.5
"avgbs_cluster_14874.1.28","Mrg18",42.3
"avgbs_cluster_149.1.7","Mrg17",68.2
"avgbs_cluster_1498.1.50","Mrg04",37.9
"avgbs_cluster_15.1.14","Mrg23",69.2
"avgbs_cluster_15027.1.28","Mrg24",10.7
"avgbs_cluster_1504.1.26","Mrg17",37.3
"avgbs_cluster_15064.1.36","Mrg12",35.3
"avgbs_cluster_1508.1.7","Mrg11",8.8
"avgbs_cluster_15103.1.30","Mrg21",27.3
"avgbs_cluster_15103.1.37","Mrg21",28.3
"avgbs_cluster_15148.1.18","Mrg06",72.1
"avgbs_cluster_15174.1.33","Mrg20",16.6
"avgbs_cluster_15174.1.34","Mrg20",16.6
"avgbs_cluster_15174.1.38","Mrg20",16.6
"avgbs_cluster_15186.1.27","Mrg03",56
"avgbs_cluster_15200.1.12","Mrg18",20.6
"avgbs_cluster_15200.1.20","Mrg18",21.1
"avgbs_cluster_1526.1.51","Mrg17",63.1
"avgbs_cluster_15267.1.42","Mrg17",90
"avgbs_cluster_1537.1.14","Mrg21",125.8
"avgbs_cluster_1537.1.20","Mrg21",125.8
"avgbs_cluster_15388.1.12","Mrg28",23.1
"avgbs_cluster_15413.1.26","Mrg09",89
"avgbs_cluster_15413.1.51","Mrg09",89
"avgbs_cluster_1543.1.27","Mrg23",57.8
"avgbs_cluster_15437.1.64","Mrg06",38
"avgbs_cluster_15437.1.8","Mrg06",38
"avgbs_cluster_15437.1.9","Mrg06",38
"avgbs_cluster_15438.1.58","Mrg02",70.8
"avgbs_cluster_15466.1.27","Mrg13",69.9
"avgbs_cluster_1553.1.25","Mrg03",73.1
"avgbs_cluster_15538.1.52","Mrg13",66.4
"avgbs_cluster_15590.1.41","Mrg20",249.7
"avgbs_cluster_15590.1.7","Mrg20",249.7
"avgbs_cluster_15602.1.39","Mrg28",43.8
"avgbs_cluster_15668.1.34","Mrg21",148.2
"avgbs_cluster_15688.1.45","Mrg17",70.5
"avgbs_cluster_1575.1.29","Mrg21",82.1
"avgbs_cluster_1575.1.37","Mrg21",82.1
"avgbs_cluster_15758.1.55","Mrg24",23.1
"avgbs_cluster_1582.1.15","Mrg06",99.1
"avgbs_cluster_15864.1.57","Mrg18",62.7
"avgbs_cluster_15878.1.46","Mrg21",122.8
"avgbs_cluster_1591.1.40","Mrg18",18.1
"avgbs_cluster_1591.1.7","Mrg18",20.2
"avgbs_cluster_15924.1.18","Mrg08",58
"avgbs_cluster_15924.1.60","Mrg08",58
"avgbs_cluster_1596.1.7","Mrg18",42.1
"avgbs_cluster_15962.2.44","Mrg01",105.9
"avgbs_cluster_1597.1.17","Mrg08",129.6
"avgbs_cluster_15971.1.28","Mrg03",162
"avgbs_cluster_1600.1.13","Mrg28",81.4
"avgbs_cluster_1600.1.46","Mrg28",81.4
"avgbs_cluster_1603.1.26","Mrg12",41.5
"avgbs_cluster_16100.1.7","Mrg01",117.4
"avgbs_cluster_16108.1.31","Mrg09",42.6
"avgbs_cluster_16139.1.31","Mrg02",87.3
"avgbs_cluster_16139.1.36","Mrg02",87.3
"avgbs_cluster_16178.1.58","Mrg18",21.1
"avgbs_cluster_16178.1.9","Mrg18",21.1
"avgbs_cluster_16179.1.25","Mrg21",28.3
"avgbs_cluster_16179.1.27","Mrg21",28.3
"avgbs_cluster_1619.1.41","Mrg19",23.7
"avgbs_cluster_16196.1.13","Mrg18",22.8
"avgbs_cluster_16196.1.29","Mrg18",22.8
"avgbs_cluster_16196.1.32","Mrg18",22.8
"avgbs_cluster_16203.1.64","Mrg13",6.2
"avgbs_cluster_16219.1.62","Mrg15",33.6
"avgbs_cluster_16227.1.36","Mrg02",85.2
"avgbs_cluster_16269.1.46","Mrg23",62.1
"avgbs_cluster_16285.1.45","Mrg03",80.3
"avgbs_cluster_16303.1.28","Mrg05",59
"avgbs_cluster_16344.1.10","Mrg15",27.2
"avgbs_cluster_16344.1.37","Mrg15",27.2
"avgbs_cluster_16354.1.26","Mrg08",157
"avgbs_cluster_16354.1.50","Mrg08",157
"avgbs_cluster_16354.1.53","Mrg08",157
"avgbs_cluster_16376.1.47","Mrg05",92.1
"avgbs_cluster_16392.1.40","Mrg02",85.2
"avgbs_cluster_16396.1.42","Mrg03",63.9
"avgbs_cluster_16396.1.47","Mrg03",63.9
"avgbs_cluster_16397.1.34","Mrg24",95.3
"avgbs_cluster_16397.1.46","Mrg24",95.3
"avgbs_cluster_16397.1.62","Mrg24",95.3
"avgbs_cluster_16433.1.60","Mrg01",23.8
"avgbs_cluster_16441.1.26","Mrg24",60.9
"avgbs_cluster_16555.1.26","Mrg08",92
"avgbs_cluster_16595.1.11","Mrg21",119.3
"avgbs_cluster_16595.1.20","Mrg21",119.3
"avgbs_cluster_16632.1.27","Mrg19",49.8
"avgbs_cluster_16632.1.28","Mrg19",49.8
"avgbs_cluster_16632.1.29","Mrg19",49.8
"avgbs_cluster_16653.1.33","Mrg21",142
"avgbs_cluster_16653.1.50","Mrg21",142
"avgbs_cluster_16666.1.21","Mrg05",147.6
"avgbs_cluster_16666.1.22","Mrg05",147.6
"avgbs_cluster_16666.1.6","Mrg05",147.6
"avgbs_cluster_16670.1.36","Mrg20",249.7
"avgbs_cluster_16675.1.32","Mrg33",44.4
"avgbs_cluster_16675.1.43","Mrg33",44.4
"avgbs_cluster_16675.1.57","Mrg33",44.4
"avgbs_cluster_16683.1.12","Mrg11",52.8
"avgbs_cluster_16683.1.34","Mrg11",52.8
"avgbs_cluster_16716.1.44","Mrg13",71.4
"avgbs_cluster_16753.1.48","Mrg08",60.3
"avgbs_cluster_16789.1.36","Mrg17",36.6
"avgbs_cluster_16802.1.58","Mrg18",7.9
"avgbs_cluster_16802.1.63","Mrg18",7.9
"avgbs_cluster_16802.1.64","Mrg18",7.9
"avgbs_cluster_16815.1.31","Mrg19",66.6
"avgbs_cluster_16827.1.64","Mrg01",117.4
"avgbs_cluster_16838.1.14","Mrg03",25.4
"avgbs_cluster_16838.1.39","Mrg03",25.4
"avgbs_cluster_16846.1.28","Mrg15",50.3
"avgbs_cluster_16856.1.25","Mrg09",44.7
"avgbs_cluster_16919.1.12","Mrg12",68.1
"avgbs_cluster_16919.1.36","Mrg12",68.1
"avgbs_cluster_16942.1.25","Mrg24",41.8
"avgbs_cluster_16942.1.49","Mrg24",41.8
"avgbs_cluster_17018.1.22","Mrg06",67.6
"avgbs_cluster_17018.1.64","Mrg06",67.6
"avgbs_cluster_17062.1.59","Mrg04",45.6
"avgbs_cluster_17089.1.10","Mrg05",98.7
"avgbs_cluster_17089.1.32","Mrg05",98.7
"avgbs_cluster_17089.1.6","Mrg05",98.7
"avgbs_cluster_17103.1.6","Mrg24",23.1
"avgbs_cluster_1714.1.63","Mrg03",45.1
"avgbs_cluster_1714.1.9","Mrg03",45.1
"avgbs_cluster_1719.1.49","Mrg12",55.8
"avgbs_cluster_17195.1.41","Mrg17",84.3
"avgbs_cluster_1721.1.12","Mrg21",84.9
"avgbs_cluster_17360.1.40","Mrg01",105.9
"avgbs_cluster_17374.1.53","Mrg03",91.8
"avgbs_cluster_17412.1.44","Mrg23",48.3
"avgbs_cluster_17430.1.21","Mrg18",74.9
"avgbs_cluster_17430.1.24","Mrg18",74.9
"avgbs_cluster_17430.1.48","Mrg18",74.9
"avgbs_cluster_17435.1.25","Mrg03",123.5
"avgbs_cluster_17483.1.31","Mrg23",20.4
"avgbs_cluster_17483.1.51","Mrg23",20.4
"avgbs_cluster_17507.1.32","Mrg08",92.4
"avgbs_cluster_17536.1.11","Mrg02",87.1
"avgbs_cluster_17536.1.20","Mrg02",87.1
"avgbs_cluster_17542.1.31","Mrg05",83.2
"avgbs_cluster_17542.1.57","Mrg05",83.2
"avgbs_cluster_17613.1.28","Mrg28",35.9
"avgbs_cluster_17646.1.46","Mrg20",184.2
"avgbs_cluster_1767.1.28","Mrg06",67.6
"avgbs_cluster_1767.1.49","Mrg06",67.6
"avgbs_cluster_17716.1.38","Mrg11",6.8
"avgbs_cluster_17730.1.21","Mrg02",27.4
"avgbs_cluster_1774.1.10","Mrg01",45
"avgbs_cluster_1774.1.32","Mrg01",45
"avgbs_cluster_1774.1.63","Mrg01",45
"avgbs_cluster_17763.1.46","Mrg17",56.5
"avgbs_cluster_17763.1.57","Mrg17",56.5
"avgbs_cluster_17763.1.8","Mrg17",56.5
"avgbs_cluster_17769.1.34","Mrg06",29.1
"avgbs_cluster_178.1.64","Mrg02",60.4
"avgbs_cluster_17883.1.59","Mrg13",102.6
"avgbs_cluster_17884.1.12","Mrg06",67.6
"avgbs_cluster_17884.1.38","Mrg06",67.6
"avgbs_cluster_17902.1.6","Mrg11",108.6
"avgbs_cluster_17921.1.25","Mrg15",50.3
"avgbs_cluster_17921.1.26","Mrg15",50.3
"avgbs_cluster_17921.1.35","Mrg15",50.3
"avgbs_cluster_17952.2.52","Mrg33",56.7
"avgbs_cluster_17952.2.58","Mrg33",56.2
"avgbs_cluster_180.1.52","Mrg04",44.7
"avgbs_cluster_18011.1.52","Mrg21",198.7
"avgbs_cluster_18042.1.25","Mrg06",63.2
"avgbs_cluster_18051.1.54","Mrg33",105.5
"avgbs_cluster_18120.1.50","Mrg11",68.6
"avgbs_cluster_18122.1.22","Mrg24",74.8
"avgbs_cluster_18122.1.57","Mrg24",74.8
"avgbs_cluster_18122.1.64","Mrg24",74.8
"avgbs_cluster_18129.1.6","Mrg11",45.6
"avgbs_cluster_18143.1.11","Mrg12",67.8
"avgbs_cluster_18144.1.53","Mrg08",137.4
"avgbs_cluster_18144.2.59","Mrg08",140.8
"avgbs_cluster_18202.1.34","Mrg28",20
"avgbs_cluster_18227.1.22","Mrg33",68.7
"avgbs_cluster_18266.1.12","Mrg03",73.1
"avgbs_cluster_18283.1.23","Mrg28",43.8
"avgbs_cluster_18290.1.16","Mrg03",65
"avgbs_cluster_18293.1.60","Mrg05",93
"avgbs_cluster_18293.1.62","Mrg05",93
"avgbs_cluster_18294.1.27","Mrg08",121.2
"avgbs_cluster_18321.1.49","Mrg23",30.2
"avgbs_cluster_18355.1.11","Mrg03",35.4
"avgbs_cluster_18355.1.50","Mrg03",35.4
"avgbs_cluster_18373.1.28","Mrg12",21.2
"avgbs_cluster_18399.1.16","Mrg05",112.4
"avgbs_cluster_18399.1.63","Mrg05",112.4
"avgbs_cluster_18427.1.62","Mrg17",33.4
"avgbs_cluster_18458.1.10","Mrg17",19.4
"avgbs_cluster_18458.1.46","Mrg17",19.4
"avgbs_cluster_18490.1.46","Mrg20",18
"avgbs_cluster_18495.1.9","Mrg17",34
"avgbs_cluster_18512.1.15","Mrg33",40.2
"avgbs_cluster_18547.1.40","Mrg24",10.1
"avgbs_cluster_18547.1.52","Mrg24",10.1
"avgbs_cluster_1858.1.29","Mrg11",8.8
"avgbs_cluster_1859.1.56","Mrg11",52.8
"avgbs_cluster_18659.1.33","Mrg11",3.7
"avgbs_cluster_18686.1.38","Mrg28",59.7
"avgbs_cluster_18704.1.23","Mrg18",68.3
"avgbs_cluster_1874.1.9","Mrg09",53.1
"avgbs_cluster_18767.1.28","Mrg02",87.3
"avgbs_cluster_18767.1.6","Mrg02",87.3
"avgbs_cluster_18767.1.9","Mrg02",87.3
"avgbs_cluster_18799.1.47","Mrg06",38
"avgbs_cluster_1882.1.54","Mrg12",46.3
"avgbs_cluster_1882.1.57","Mrg12",46.3
"avgbs_cluster_18841.1.35","Mrg09",86.7
"avgbs_cluster_18841.1.47","Mrg09",86.7
"avgbs_cluster_18853.1.15","Mrg20",222.5
"avgbs_cluster_18853.1.34","Mrg20",222.5
"avgbs_cluster_18879.1.32","Mrg24",41
"avgbs_cluster_18888.1.12","Mrg17",78.9
"avgbs_cluster_18888.1.31","Mrg17",78.9
"avgbs_cluster_18888.1.37","Mrg17",78.9
"avgbs_cluster_1898.1.11","Mrg06",56.9
"avgbs_cluster_1898.1.26","Mrg06",56.9
"avgbs_cluster_18998.1.44","Mrg01",106.7
"avgbs_cluster_1901.1.43","Mrg08",129.6
"avgbs_cluster_1901.1.57","Mrg08",129.6
"avgbs_cluster_19052.1.34","Mrg20",122.8
"avgbs_cluster_19052.1.9","Mrg20",122.8
"avgbs_cluster_19106.1.50","Mrg01",64.8
"avgbs_cluster_19117.1.15","Mrg18",15.9
"avgbs_cluster_19139.1.42","Mrg08",87.4
"avgbs_cluster_19139.1.44","Mrg08",87.4
"avgbs_cluster_19199.1.44","Mrg12",63.5
"avgbs_cluster_19199.1.58","Mrg12",63.5
"avgbs_cluster_19238.1.64","Mrg09",72.3
"avgbs_cluster_19249.1.23","Mrg11",21.9
"avgbs_cluster_1925.1.11","Mrg24",60.2
"avgbs_cluster_1925.1.27","Mrg24",60.2
"avgbs_cluster_19251.1.15","Mrg01",45
"avgbs_cluster_19251.1.27","Mrg01",45
"avgbs_cluster_19251.1.42","Mrg01",45
"avgbs_cluster_19259.1.49","Mrg02",23.2
"avgbs_cluster_19365.1.61","Mrg06",49.3
"avgbs_cluster_19365.1.64","Mrg06",49.3
"avgbs_cluster_19385.1.41","Mrg03",120.4
"avgbs_cluster_19469.1.34","Mrg23",74.5
"avgbs_cluster_19531.1.7","Mrg09",42.9
"avgbs_cluster_1955.1.17","Mrg18",20.6
"avgbs_cluster_1955.1.59","Mrg18",20.2
"avgbs_cluster_19559.1.40","Mrg03",70.1
"avgbs_cluster_19632.1.17","Mrg01",50.2
"avgbs_cluster_1969.1.40","Mrg20",193.6
"avgbs_cluster_1969.1.61","Mrg20",193.6
"avgbs_cluster_1970.1.17","Mrg13",60
"avgbs_cluster_1977.1.20","Mrg02",17
"avgbs_cluster_1977.1.42","Mrg02",17
"avgbs_cluster_1977.1.62","Mrg02",17
"avgbs_cluster_19777.1.42","Mrg15",53.2
"avgbs_cluster_1978.1.13","Mrg21",27.3
"avgbs_cluster_1978.1.43","Mrg21",27.3
"avgbs_cluster_19812.1.32","Mrg18",34.4
"avgbs_cluster_19837.1.19","Mrg03",40.3
"avgbs_cluster_19837.1.27","Mrg03",25.4
"avgbs_cluster_19837.1.39","Mrg03",25.4
"avgbs_cluster_19880.1.12","Mrg12",119.4
"avgbs_cluster_1998.1.40","Mrg01",73.5
"avgbs_cluster_1998.1.48","Mrg01",73.5
"avgbs_cluster_19988.1.56","Mrg21",148.2
"avgbs_cluster_20089.1.45","Mrg11",52.8
"avgbs_cluster_20094.1.32","Mrg23",62.1
"avgbs_cluster_20097.1.23","Mrg13",111.7
"avgbs_cluster_20124.1.24","Mrg17",57.4
"avgbs_cluster_20124.1.45","Mrg17",57.4
"avgbs_cluster_20124.1.47","Mrg17",57.4
"avgbs_cluster_20142.1.46","Mrg28",44.4
"avgbs_cluster_20142.1.50","Mrg28",44.4
"avgbs_cluster_20192.1.20","Mrg08",86.2
"avgbs_cluster_2024.1.37","Mrg33",73
"avgbs_cluster_2024.1.39","Mrg33",73
"avgbs_cluster_20257.1.57","Mrg21",193.1
"avgbs_cluster_20332.1.17","Mrg09",50.9
"avgbs_cluster_2034.1.10","Mrg15",72.9
"avgbs_cluster_2034.1.7","Mrg15",72.9
"avgbs_cluster_20361.1.30","Mrg09",43.4
"avgbs_cluster_20361.1.57","Mrg09",43.4
"avgbs_cluster_20419.1.48","Mrg11",107.9
"avgbs_cluster_20436.1.17","Mrg12",25
"avgbs_cluster_2045.1.28","Mrg24",5.4
"avgbs_cluster_2046.1.16","Mrg21",187.6
"avgbs_cluster_20478.1.19","Mrg28",43.8
"avgbs_cluster_2049.1.7","Mrg05",109.5
"avgbs_cluster_20532.1.34","Mrg09",132.7
"avgbs_cluster_20556.1.43","Mrg02",87.3
"avgbs_cluster_2058.1.35","Mrg21",27.3
"avgbs_cluster_2058.1.51","Mrg21",27.3
"avgbs_cluster_20678.1.33","Mrg08",146.1
"avgbs_cluster_20681.1.16","Mrg01",108.4
"avgbs_cluster_20681.1.38","Mrg01",108.4
"avgbs_cluster_20683.1.12","Mrg24",21.6
"avgbs_cluster_207.1.7","Mrg12",26.4
"avgbs_cluster_20733.1.59","Mrg13",106.5
"avgbs_cluster_20744.1.53","Mrg06",37.4
"avgbs_cluster_20815.1.15","Mrg13",29
"avgbs_cluster_20815.1.23","Mrg13",29
"avgbs_cluster_20819.1.57","Mrg06",67.6
"avgbs_cluster_20819.1.62","Mrg06",67.6
"avgbs_cluster_20847.1.44","Mrg15",35.1
"avgbs_cluster_20867.1.21","Mrg17",31.5
"avgbs_cluster_209.1.61","Mrg15",33.5
"avgbs_cluster_20934.1.26","Mrg20",122.8
"avgbs_cluster_20934.1.6","Mrg20",122.8
"avgbs_cluster_20943.1.12","Mrg19",68.7
"avgbs_cluster_20994.1.23","Mrg17",51.3
"avgbs_cluster_21012.1.31","Mrg01",92.6
"avgbs_cluster_21030.1.11","Mrg24",42.2
"avgbs_cluster_2104.1.50","Mrg20",138.5
"avgbs_cluster_2104.1.56","Mrg20",138.5
"avgbs_cluster_21091.1.61","Mrg06",38
"avgbs_cluster_21110.1.6","Mrg13",35.9
"avgbs_cluster_21149.1.59","Mrg01",50.7
"avgbs_cluster_21153.1.37","Mrg13",111.7
"avgbs_cluster_21153.1.56","Mrg13",111.7
"avgbs_cluster_21169.1.40","Mrg05",42
"avgbs_cluster_21242.1.38","Mrg19",29
"avgbs_cluster_21346.1.12","Mrg17",66.1
"avgbs_cluster_21346.1.38","Mrg17",66.1
"avgbs_cluster_21346.1.57","Mrg17",66.1
"avgbs_cluster_21349.1.64","Mrg23",62.1
"avgbs_cluster_21358.1.29","Mrg21",148.2
"avgbs_cluster_21400.1.51","Mrg21",140.1
"avgbs_cluster_21400.1.52","Mrg21",140.1
"avgbs_cluster_21417.1.20","Mrg03",90.5
"avgbs_cluster_21454.1.51","Mrg13",39.4
"avgbs_cluster_21456.1.28","Mrg01",49.7
"avgbs_cluster_21460.1.19","Mrg17",32.9
"avgbs_cluster_21471.1.15","Mrg11",8.8
"avgbs_cluster_21492.1.8","Mrg04",43.8
"avgbs_cluster_215.1.13","Mrg19",59.2
"avgbs_cluster_215.1.37","Mrg19",59.2
"avgbs_cluster_21518.1.53","Mrg01",105.9
"avgbs_cluster_21527.1.56","Mrg11",9.7
"avgbs_cluster_21528.1.30","Mrg04",37.9
"avgbs_cluster_21528.1.45","Mrg04",37.9
"avgbs_cluster_21529.1.11","Mrg20",147.3
"avgbs_cluster_21529.1.36","Mrg20",147.3
"avgbs_cluster_21532.1.30","Mrg20",204.8
"avgbs_cluster_21548.1.39","Mrg17",85.3
"avgbs_cluster_21550.1.54","Mrg12",55
"avgbs_cluster_21550.1.59","Mrg12",55
"avgbs_cluster_21554.1.41","Mrg11",32.4
"avgbs_cluster_21603.1.12","Mrg04",37.9
"avgbs_cluster_2163.1.39","Mrg01",98.8
"avgbs_cluster_21657.1.20","Mrg02",82.4
"avgbs_cluster_21657.1.38","Mrg02",82.4
"avgbs_cluster_21657.1.48","Mrg02",71.3
"avgbs_cluster_21695.1.14","Mrg13",36.7
"avgbs_cluster_21785.1.15","Mrg18",28.6
"avgbs_cluster_2181.1.19","Mrg24",60.2
"avgbs_cluster_2181.1.34","Mrg24",60.2
"avgbs_cluster_2181.1.38","Mrg24",60.2
"avgbs_cluster_21819.1.34","Mrg04",44.7
"avgbs_cluster_21819.1.48","Mrg04",44.7
"avgbs_cluster_21829.1.28","Mrg11",52.8
"avgbs_cluster_21829.1.56","Mrg11",52.8
"avgbs_cluster_21860.1.39","Mrg24",19.4
"avgbs_cluster_21860.1.44","Mrg24",19.4
"avgbs_cluster_2189.1.61","Mrg08",123.6
"avgbs_cluster_2189.1.7","Mrg08",123.6
"avgbs_cluster_21908.1.26","Mrg09",44.7
"avgbs_cluster_21979.1.50","Mrg20",120.1
"avgbs_cluster_22.1.59","Mrg01",84.4
"avgbs_cluster_22014.1.39","Mrg04",10.1
"avgbs_cluster_22014.1.50","Mrg04",10.1
"avgbs_cluster_22014.1.60","Mrg04",10.1
"avgbs_cluster_22014.1.63","Mrg04",10.1
"avgbs_cluster_22037.1.47","Mrg11",9.8
"avgbs_cluster_22076.1.60","Mrg09",79.2
"avgbs_cluster_22076.1.61","Mrg09",79.2
"avgbs_cluster_22085.1.55","Mrg13",108.5
"avgbs_cluster_22088.1.64","Mrg12",5.2
"avgbs_cluster_22090.1.49","Mrg09",125.7
"avgbs_cluster_22094.1.43","Mrg20",91.5
"avgbs_cluster_22114.1.28","Mrg13",42.1
"avgbs_cluster_22157.1.54","Mrg08",153.6
"avgbs_cluster_22249.1.59","Mrg13",40.8
"avgbs_cluster_22255.1.43","Mrg23",57.8
"avgbs_cluster_22271.1.17","Mrg03",65
"avgbs_cluster_22271.1.35","Mrg03",65
"avgbs_cluster_22277.1.45","Mrg21",39.5
"avgbs_cluster_22277.1.54","Mrg21",39.5
"avgbs_cluster_22293.1.61","Mrg01",108.4
"avgbs_cluster_22341.1.22","Mrg20",232.1
"avgbs_cluster_22342.1.57","Mrg08",52.5
"avgbs_cluster_22372.1.63","Mrg12",17
"avgbs_cluster_22372.1.64","Mrg12",17
"avgbs_cluster_22379.1.46","Mrg09",49.2
"avgbs_cluster_22418.1.11","Mrg21",187.6
"avgbs_cluster_22418.1.22","Mrg21",187.6
"avgbs_cluster_22452.1.34","Mrg17",85.7
"avgbs_cluster_22452.1.36","Mrg17",85.7
"avgbs_cluster_22463.1.18","Mrg18",69.9
"avgbs_cluster_22463.1.31","Mrg18",69.9
"avgbs_cluster_22463.1.38","Mrg18",69.9
"avgbs_cluster_22463.1.56","Mrg18",69.9
"avgbs_cluster_2253.1.20","Mrg21",205.7
"avgbs_cluster_2253.1.28","Mrg21",205.7
"avgbs_cluster_2253.1.64","Mrg21",205.7
"avgbs_cluster_22594.1.42","Mrg08",64.5
"avgbs_cluster_22598.1.28","Mrg33",36.8
"avgbs_cluster_22635.1.19","Mrg21",27.3
"avgbs_cluster_22640.1.12","Mrg13",115.4
"avgbs_cluster_22647.1.40","Mrg18",42.5
"avgbs_cluster_22649.1.41","Mrg01",50.7
"avgbs_cluster_22649.1.50","Mrg01",50.7
"avgbs_cluster_22714.1.19","Mrg06",87.2
"avgbs_cluster_22740.1.15","Mrg21",198.9
"avgbs_cluster_22740.1.43","Mrg21",198.9
"avgbs_cluster_22740.1.59","Mrg21",198.9
"avgbs_cluster_22798.1.55","Mrg06",28.1
"avgbs_cluster_22812.1.56","Mrg19",75.3
"avgbs_cluster_22812.1.59","Mrg19",75.3
"avgbs_cluster_22813.1.58","Mrg17",104.8
"avgbs_cluster_2288.1.61","Mrg18",36.2
"avgbs_cluster_22881.1.30","Mrg13",96.7
"avgbs_cluster_22881.1.32","Mrg13",96.7
"avgbs_cluster_22882.1.61","Mrg06",83.9
"avgbs_cluster_22882.1.62","Mrg06",83.9
"avgbs_cluster_22882.1.63","Mrg06",83.9
"avgbs_cluster_2290.1.26","Mrg09",111.7
"avgbs_cluster_2290.1.51","Mrg09",111.7
"avgbs_cluster_22902.1.50","Mrg12",56.7
"avgbs_cluster_22905.1.11","Mrg12",37.5
"avgbs_cluster_22905.1.16","Mrg12",37.5
"avgbs_cluster_22905.1.64","Mrg12",37.5
"avgbs_cluster_22909.1.40","Mrg09",42.6
"avgbs_cluster_2295.1.26","Mrg21",190.4
"avgbs_cluster_2295.1.33","Mrg21",190.4
"avgbs_cluster_23058.1.36","Mrg08",118.8
"avgbs_cluster_23077.1.11","Mrg05",80.8
"avgbs_cluster_23077.1.29","Mrg05",80.8
"avgbs_cluster_23077.1.55","Mrg05",80.8
"avgbs_cluster_231.1.42","Mrg17",78.9
"avgbs_cluster_231.1.43","Mrg17",78.9
"avgbs_cluster_231.1.44","Mrg17",78.9
"avgbs_cluster_2316.1.26","Mrg23",12
"avgbs_cluster_2316.1.53","Mrg23",12
"avgbs_cluster_23202.1.60","Mrg02",27.2
"avgbs_cluster_23205.1.8","Mrg28",60.1
"avgbs_cluster_23213.1.12","Mrg33",73
"avgbs_cluster_23213.1.47","Mrg33",73
"avgbs_cluster_23226.1.52","Mrg24",41
"avgbs_cluster_23227.1.52","Mrg21",142
"avgbs_cluster_23231.1.38","Mrg13",39.4
"avgbs_cluster_23231.1.46","Mrg13",39.4
"avgbs_cluster_23248.1.24","Mrg13",108.5
"avgbs_cluster_23248.1.39","Mrg13",108.5
"avgbs_cluster_23248.1.60","Mrg13",108.5
"avgbs_cluster_23283.1.36","Mrg11",54
"avgbs_cluster_23290.1.51","Mrg18",21.1
"avgbs_cluster_23290.1.52","Mrg18",21.1
"avgbs_cluster_23299.1.46","Mrg28",43.8
"avgbs_cluster_23300.1.37","Mrg33",45.8
"avgbs_cluster_23345.1.19","Mrg17",110.4
"avgbs_cluster_23345.1.27","Mrg17",110.4
"avgbs_cluster_23345.1.29","Mrg17",110.4
"avgbs_cluster_23353.1.8","Mrg01",45
"avgbs_cluster_2337.1.34","Mrg12",14.1
"avgbs_cluster_23390.1.62","Mrg01",82.7
"avgbs_cluster_23391.1.46","Mrg05",130.9
"avgbs_cluster_23392.1.12","Mrg11",45.6
"avgbs_cluster_23392.1.60","Mrg11",45.6
"avgbs_cluster_23423.1.46","Mrg04",17.6
"avgbs_cluster_2347.1.47","Mrg33",27.1
"avgbs_cluster_23503.1.54","Mrg20",147.3
"avgbs_cluster_23503.1.61","Mrg20",147.3
"avgbs_cluster_23520.1.30","Mrg06",99.1
"avgbs_cluster_2354.1.24","Mrg08",142
"avgbs_cluster_2358.1.63","Mrg24",60.7
"avgbs_cluster_2358.1.64","Mrg24",60.7
"avgbs_cluster_23584.1.28","Mrg21",199.4
"avgbs_cluster_23584.1.41","Mrg21",199.4
"avgbs_cluster_23584.1.62","Mrg21",199.4
"avgbs_cluster_23657.1.46","Mrg15",77.6
"avgbs_cluster_2367.1.16","Mrg03",129.9
"avgbs_cluster_2367.1.30","Mrg03",129.9
"avgbs_cluster_23686.1.30","Mrg08",77.8
"avgbs_cluster_2371.1.19","Mrg06",99.1
"avgbs_cluster_23712.1.10","Mrg18",68.3
"avgbs_cluster_23712.1.64","Mrg18",68.3
"avgbs_cluster_2373.1.11","Mrg33",23.1
"avgbs_cluster_2373.1.50","Mrg33",23.1
"avgbs_cluster_23828.1.31","Mrg21",31.3
"avgbs_cluster_23834.1.26","Mrg11",8.8
"avgbs_cluster_23834.1.49","Mrg11",8.8
"avgbs_cluster_23834.1.61","Mrg11",8.8
"avgbs_cluster_23838.1.14","Mrg04",44.7
"avgbs_cluster_2384.1.38","Mrg17",89.4
"avgbs_cluster_23890.1.54","Mrg23",53.7
"avgbs_cluster_23900.1.14","Mrg03",25
"avgbs_cluster_23900.1.15","Mrg03",25
"avgbs_cluster_23910.1.29","Mrg20",205.4
"avgbs_cluster_23910.1.39","Mrg20",205.4
"avgbs_cluster_23922.1.28","Mrg20",214.4
"avgbs_cluster_23950.1.46","Mrg21",81.6
"avgbs_cluster_23950.1.49","Mrg21",81.6
"avgbs_cluster_2397.1.17","Mrg03",56.2
"avgbs_cluster_2397.1.48","Mrg03",56.2
"avgbs_cluster_23994.1.31","Mrg08",147.3
"avgbs_cluster_23994.1.47","Mrg08",151.9
"avgbs_cluster_23995.1.58","Mrg05",58.9
"avgbs_cluster_24002.1.25","Mrg03",25
"avgbs_cluster_2402.1.22","Mrg03",101.6
"avgbs_cluster_2402.1.41","Mrg03",101.6
"avgbs_cluster_24081.1.59","Mrg15",79.2
"avgbs_cluster_24084.1.22","Mrg01",109
"avgbs_cluster_24169.1.25","Mrg23",53.8
"avgbs_cluster_24174.1.59","Mrg15",70.2
"avgbs_cluster_2419.1.25","Mrg01",12.9
"avgbs_cluster_24208.1.40","Mrg24",89.4
"avgbs_cluster_24208.1.58","Mrg24",89.4
"avgbs_cluster_2422.1.62","Mrg01",109
"avgbs_cluster_24227.1.35","Mrg08",62.4
"avgbs_cluster_24247.1.55","Mrg15",26.4
"avgbs_cluster_24247.1.62","Mrg15",26.4
"avgbs_cluster_24294.1.13","Mrg12",40.2
"avgbs_cluster_24294.1.22","Mrg12",40.2
"avgbs_cluster_24308.1.32","Mrg20",15.8
"avgbs_cluster_24428.1.15","Mrg19",68.3
"avgbs_cluster_24428.1.20","Mrg19",68.3
"avgbs_cluster_24442.1.33","Mrg12",40.8
"avgbs_cluster_24445.1.60","Mrg09",68.3
"avgbs_cluster_24507.1.49","Mrg05",57.6
"avgbs_cluster_24606.1.37","Mrg11",108.6
"avgbs_cluster_24611.1.41","Mrg02",29.2
"avgbs_cluster_24611.1.8","Mrg02",29.2
"avgbs_cluster_24626.1.19","Mrg18",67.7
"avgbs_cluster_24654.1.50","Mrg03",46.3
"avgbs_cluster_24659.1.41","Mrg17",91.2
"avgbs_cluster_24662.1.43","Mrg19",55.4
"avgbs_cluster_24662.1.44","Mrg19",55.4
"avgbs_cluster_2467.1.10","Mrg17",92.5
"avgbs_cluster_24696.1.20","Mrg02",87.3
"avgbs_cluster_24743.1.13","Mrg06",51.5
"avgbs_cluster_2479.1.29","Mrg06",113.9
"avgbs_cluster_24796.1.18","Mrg20",18.8
"avgbs_cluster_24796.1.35","Mrg20",19.2
"avgbs_cluster_2480.1.43","Mrg20",261
"avgbs_cluster_2480.1.63","Mrg20",261
"avgbs_cluster_24806.1.52","Mrg18",21.1
"avgbs_cluster_24808.1.17","Mrg17",97.4
"avgbs_cluster_24815.1.26","Mrg17",87.8
"avgbs_cluster_24815.1.6","Mrg17",87.8
"avgbs_cluster_2483.1.7","Mrg15",58.2
"avgbs_cluster_24837.1.34","Mrg01",110.8
"avgbs_cluster_24837.1.41","Mrg01",110.8
"avgbs_cluster_24860.1.22","Mrg01",108.4
"avgbs_cluster_24893.1.6","Mrg09",44.7
"avgbs_cluster_24939.1.57","Mrg24",42.5
"avgbs_cluster_24939.1.58","Mrg24",42.5
"avgbs_cluster_24939.1.59","Mrg24",42.5
"avgbs_cluster_24970.1.60","Mrg08",129.3
"avgbs_cluster_24973.1.11","Mrg11",82.2
"avgbs_cluster_24973.1.60","Mrg11",82.2
"avgbs_cluster_25.1.11","Mrg12",37.5
"avgbs_cluster_25009.1.46","Mrg24",61.1
"avgbs_cluster_25009.1.62","Mrg24",61.1
"avgbs_cluster_2501.1.22","Mrg21",181.1
"avgbs_cluster_2502.1.26","Mrg09",101.8
"avgbs_cluster_25065.1.13","Mrg23",19
"avgbs_cluster_2508.1.10","Mrg18",-0.8
"avgbs_cluster_2508.1.7","Mrg18",-0.8
"avgbs_cluster_25093.1.58","Mrg20",196.2
"avgbs_cluster_25116.1.64","Mrg21",145.3
"avgbs_cluster_25124.1.46","Mrg11",25.2
"avgbs_cluster_2514.1.41","Mrg21",140.1
"avgbs_cluster_25144.1.46","Mrg21",0.6
"avgbs_cluster_25151.1.21","Mrg06",38
"avgbs_cluster_25151.1.36","Mrg06",38
"avgbs_cluster_25151.1.54","Mrg06",38
"avgbs_cluster_25190.1.23","Mrg08",129.6
"avgbs_cluster_25195.1.31","Mrg02",23.2
"avgbs_cluster_25200.1.46","Mrg33",73.4
"avgbs_cluster_25201.1.27","Mrg08",123.6
"avgbs_cluster_25201.1.51","Mrg08",123.6
"avgbs_cluster_25204.1.58","Mrg05",113.6
"avgbs_cluster_25208.1.20","Mrg24",36.3
"avgbs_cluster_25208.1.47","Mrg24",36.3
"avgbs_cluster_25230.1.24","Mrg23",53.7
"avgbs_cluster_25236.1.37","Mrg06",35.4
"avgbs_cluster_25236.1.38","Mrg06",35.4
"avgbs_cluster_25297.1.49","Mrg09",68.1
"avgbs_cluster_2530.1.25","Mrg05",29.8
"avgbs_cluster_2530.1.42","Mrg05",29.8
"avgbs_cluster_2530.1.7","Mrg05",29.8
"avgbs_cluster_25398.1.25","Mrg15",87
"avgbs_cluster_25425.1.54","Mrg06",116
"avgbs_cluster_25425.1.59","Mrg06",116
"avgbs_cluster_25425.1.60","Mrg06",116
"avgbs_cluster_25479.1.12","Mrg17",63.3
"avgbs_cluster_25479.1.15","Mrg17",63.3
"avgbs_cluster_25479.1.28","Mrg17",63.3
"avgbs_cluster_25485.1.6","Mrg19",70.1
"avgbs_cluster_25485.1.8","Mrg19",70.1
"avgbs_cluster_25493.1.47","Mrg28",32.6
"avgbs_cluster_2551.1.12","Mrg15",7.5
"avgbs_cluster_2552.1.44","Mrg19",50.9
"avgbs_cluster_25607.1.18","Mrg28",59
"avgbs_cluster_25607.1.28","Mrg28",56.7
"avgbs_cluster_25618.1.19","Mrg01",46.9
"avgbs_cluster_25685.1.11","Mrg01",31.6
"avgbs_cluster_25685.1.21","Mrg01",31.6
"avgbs_cluster_257.1.6","Mrg13",40.3
"avgbs_cluster_257.1.7","Mrg13",40.3
"avgbs_cluster_25711.1.48","Mrg03",20
"avgbs_cluster_2578.1.17","Mrg02",75.3
"avgbs_cluster_25802.1.28","Mrg28",36.8
"avgbs_cluster_25825.1.7","Mrg21",28.3
"avgbs_cluster_2586.1.31","Mrg24",60.2
"avgbs_cluster_2588.1.12","Mrg12",33.4
"avgbs_cluster_2588.1.13","Mrg12",33.4
"avgbs_cluster_25883.1.44","Mrg13",44.6
"avgbs_cluster_25887.1.41","Mrg23",60.4
"avgbs_cluster_25887.1.47","Mrg23",60.4
"avgbs_cluster_25911.1.12","Mrg02",10.8
"avgbs_cluster_25913.1.32","Mrg09",115.6
"avgbs_cluster_25933.1.16","Mrg05",131.1
"avgbs_cluster_25945.1.35","Mrg03",40.8
"avgbs_cluster_25945.1.58","Mrg03",40.8
"avgbs_cluster_25955.1.21","Mrg17",30.9
"avgbs_cluster_25955.1.53","Mrg17",29.1
"avgbs_cluster_26009.1.19","Mrg11",41.3
"avgbs_cluster_26010.1.55","Mrg03",77.8
"avgbs_cluster_26039.1.15","Mrg12",57.8
"avgbs_cluster_26040.1.8","Mrg24",60.2
"avgbs_cluster_26051.1.15","Mrg08",149.2
"avgbs_cluster_26060.1.46","Mrg03",25
"avgbs_cluster_26060.1.47","Mrg03",25
"avgbs_cluster_26060.1.48","Mrg03",25
"avgbs_cluster_26064.1.15","Mrg05",27.4
"avgbs_cluster_26079.1.41","Mrg01",109
"avgbs_cluster_26080.1.7","Mrg19",45.3
"avgbs_cluster_26139.1.50","Mrg02",72.7
"avgbs_cluster_2615.1.53","Mrg17",92.5
"avgbs_cluster_2615.1.63","Mrg17",92.5
"avgbs_cluster_26180.1.42","Mrg06",67.6
"avgbs_cluster_26180.1.45","Mrg06",67.6
"avgbs_cluster_26185.1.14","Mrg19",55.4
"avgbs_cluster_26190.1.50","Mrg17",94.7
"avgbs_cluster_26190.1.58","Mrg17",94.7
"avgbs_cluster_26197.1.42","Mrg01",71.2
"avgbs_cluster_26197.1.8","Mrg01",71.2
"avgbs_cluster_26203.1.49","Mrg02",77
"avgbs_cluster_26206.1.50","Mrg23",46.3
"avgbs_cluster_26212.1.41","Mrg13",58
"avgbs_cluster_26212.1.61","Mrg13",58
"avgbs_cluster_26218.1.51","Mrg01",109
"avgbs_cluster_26219.1.59","Mrg13",71.4
"avgbs_cluster_26239.1.60","Mrg18",27.7
"avgbs_cluster_2624.1.42","Mrg04",37.9
"avgbs_cluster_2624.1.57","Mrg04",37.9
"avgbs_cluster_2624.1.64","Mrg04",37.9
"avgbs_cluster_26251.1.32","Mrg03",63.6
"avgbs_cluster_2628.1.26","Mrg24",41.8
"avgbs_cluster_2628.1.63","Mrg24",41.8
"avgbs_cluster_2630.1.31","Mrg05",80.8
"avgbs_cluster_26315.1.43","Mrg23",30.2
"avgbs_cluster_26315.1.54","Mrg23",30.2
"avgbs_cluster_26336.1.28","Mrg06",38
"avgbs_cluster_26355.1.56","Mrg15",35.1
"avgbs_cluster_26416.1.40","Mrg15",67.6
"avgbs_cluster_26416.1.53","Mrg15",67.6
"avgbs_cluster_2643.1.44","Mrg21",148.2
"avgbs_cluster_26452.1.60","Mrg04",44.7
"avgbs_cluster_2646.1.8","Mrg06",29.1
"avgbs_cluster_26470.1.12","Mrg33",42.8
"avgbs_cluster_26470.1.32","Mrg33",42.8
"avgbs_cluster_26538.1.63","Mrg03",14.7
"avgbs_cluster_26544.1.63","Mrg04",17.6
"avgbs_cluster_26586.1.29","Mrg05",81.6
"avgbs_cluster_26586.2.29","Mrg04",35.5
"avgbs_cluster_26586.2.49","Mrg04",35.5
"avgbs_cluster_26588.1.64","Mrg15",24.2
"avgbs_cluster_26640.1.27","Mrg01",47.2
"avgbs_cluster_26660.1.40","Mrg06",26.6
"avgbs_cluster_26676.1.57","Mrg11",52.8
"avgbs_cluster_26713.2.36","Mrg05",83.2
"avgbs_cluster_26713.2.39","Mrg05",83.2
"avgbs_cluster_26717.1.24","Mrg23",23.2
"avgbs_cluster_26720.1.44","Mrg20",147.3
"avgbs_cluster_26772.1.7","Mrg08",61.5
"avgbs_cluster_26805.1.36","Mrg15",58.2
"avgbs_cluster_2684.1.16","Mrg20",147.3
"avgbs_cluster_2684.1.25","Mrg20",147.3
"avgbs_cluster_26878.1.15","Mrg33",24.1
"avgbs_cluster_26878.1.8","Mrg33",24.1
"avgbs_cluster_26922.1.46","Mrg21",164.7
"avgbs_cluster_26922.1.62","Mrg21",164.7
"avgbs_cluster_26923.1.7","Mrg13",44.6
"avgbs_cluster_26923.1.8","Mrg13",44.6
"avgbs_cluster_26934.1.21","Mrg24",85.6
"avgbs_cluster_26953.1.53","Mrg21",140.1
"avgbs_cluster_26953.1.54","Mrg21",140.1
"avgbs_cluster_26968.1.25","Mrg06",38
"avgbs_cluster_26968.1.9","Mrg06",38
"avgbs_cluster_26986.1.15","Mrg05",109.5
"avgbs_cluster_26986.1.57","Mrg05",109.5
"avgbs_cluster_26995.1.44","Mrg21",113.2
"avgbs_cluster_26997.1.44","Mrg20",20.1
"avgbs_cluster_270.1.33","Mrg08",142
"avgbs_cluster_2702.1.51","Mrg06",45.2
"avgbs_cluster_27035.1.10","Mrg03",28.8
"avgbs_cluster_27057.1.21","Mrg03",82.8
"avgbs_cluster_2707.1.12","Mrg09",49.2
"avgbs_cluster_2707.1.53","Mrg09",49.2
"avgbs_cluster_2707.1.56","Mrg09",49.2
"avgbs_cluster_27088.1.33","Mrg17",83.9
"avgbs_cluster_27088.1.36","Mrg17",82.3
"avgbs_cluster_27103.1.44","Mrg03",56.2
"avgbs_cluster_27123.1.38","Mrg11",48.8
"avgbs_cluster_27150.1.30","Mrg20",44.9
"avgbs_cluster_27156.1.35","Mrg08",129.6
"avgbs_cluster_2718.1.48","Mrg28",56.7
"avgbs_cluster_2718.1.49","Mrg28",56.7
"avgbs_cluster_2723.1.50","Mrg17",37.3
"avgbs_cluster_27231.1.63","Mrg05",111.3
"avgbs_cluster_27239.1.54","Mrg04",35.5
"avgbs_cluster_27274.1.38","Mrg17",26.2
"avgbs_cluster_27314.1.12","Mrg20",230.1
"avgbs_cluster_27314.1.33","Mrg20",230.1
"avgbs_cluster_27314.1.54","Mrg20",230.1
"avgbs_cluster_27320.1.25","Mrg19",49.8
"avgbs_cluster_27386.1.62","Mrg13",45.3
"avgbs_cluster_27394.1.40","Mrg21",27.3
"avgbs_cluster_27394.1.53","Mrg21",27.3
"avgbs_cluster_27416.1.19","Mrg03",3.3
"avgbs_cluster_27516.1.8","Mrg05",125.1
"avgbs_cluster_27539.1.10","Mrg08",121.2
"avgbs_cluster_27539.1.51","Mrg08",121.2
"avgbs_cluster_27561.1.15","Mrg09",131.6
"avgbs_cluster_27581.1.15","Mrg20",156.7
"avgbs_cluster_27581.1.38","Mrg20",156.7
"avgbs_cluster_27592.1.40","Mrg20",249.7
"avgbs_cluster_27592.1.42","Mrg20",249.7
"avgbs_cluster_2762.1.34","Mrg33",65.9
"avgbs_cluster_2762.1.47","Mrg33",65.9
"avgbs_cluster_2764.1.31","Mrg08",86.2
"avgbs_cluster_27655.1.27","Mrg21",122.6
"avgbs_cluster_27663.1.24","Mrg03",37.1
"avgbs_cluster_27663.1.38","Mrg03",37.1
"avgbs_cluster_27663.1.41","Mrg03",37.1
"avgbs_cluster_2768.1.33","Mrg09",91.9
"avgbs_cluster_27680.1.59","Mrg01",133.1
"avgbs_cluster_2769.1.38","Mrg18",18.1
"avgbs_cluster_2769.1.51","Mrg18",18.1
"avgbs_cluster_27709.1.39","Mrg13",108.5
"avgbs_cluster_27709.1.61","Mrg13",106
"avgbs_cluster_27714.1.7","Mrg17",30.2
"avgbs_cluster_27744.1.36","Mrg09",28.5
"avgbs_cluster_27780.1.32","Mrg18",27.7
"avgbs_cluster_27780.1.39","Mrg18",27.7
"avgbs_cluster_27780.1.53","Mrg18",27.7
"avgbs_cluster_27785.1.7","Mrg12",56.6
"avgbs_cluster_27786.1.48","Mrg13",73.6
"avgbs_cluster_27787.1.18","Mrg05",130.9
"avgbs_cluster_27791.1.48","Mrg13",60
"avgbs_cluster_27878.1.10","Mrg04",16.2
"avgbs_cluster_27878.2.9","Mrg05",109.5
"avgbs_cluster_27899.1.60","Mrg03",65
"avgbs_cluster_27899.1.63","Mrg03",65
"avgbs_cluster_27917.1.34","Mrg12",17
"avgbs_cluster_27931.1.40","Mrg12",66
"avgbs_cluster_27963.1.23","Mrg04",43.9
"avgbs_cluster_2797.1.64","Mrg17",87.8
"avgbs_cluster_27996.1.45","Mrg12",29.5
"avgbs_cluster_28002.1.34","Mrg23",79.1
"avgbs_cluster_28022.1.37","Mrg01",66.7
"avgbs_cluster_28029.1.59","Mrg28",32.6
"avgbs_cluster_28031.1.24","Mrg08",117.5
"avgbs_cluster_28031.1.49","Mrg08",129.6
"avgbs_cluster_28077.1.61","Mrg18",1.7
"avgbs_cluster_28089.1.54","Mrg18",1.2
"avgbs_cluster_28096.1.16","Mrg08",142.3
"avgbs_cluster_28096.1.53","Mrg08",142.3
"avgbs_cluster_28109.1.20","Mrg01",23.8
"avgbs_cluster_28126.1.35","Mrg21",143.1
"avgbs_cluster_28126.1.38","Mrg21",143.1
"avgbs_cluster_28129.1.24","Mrg24",60.2
"avgbs_cluster_2814.1.20","Mrg09",44.7
"avgbs_cluster_2816.1.6","Mrg20",19.2
"avgbs_cluster_28190.1.21","Mrg19",23.7
"avgbs_cluster_28191.1.25","Mrg04",48.2
"avgbs_cluster_28191.1.49","Mrg04",48.2
"avgbs_cluster_28219.1.42","Mrg11",52.8
"avgbs_cluster_2822.1.53","Mrg13",35.9
"avgbs_cluster_2822.1.63","Mrg13",35.9
"avgbs_cluster_28230.1.24","Mrg03",134.2
"avgbs_cluster_28230.1.33","Mrg03",134.2
"avgbs_cluster_28275.1.43","Mrg01",50.7
"avgbs_cluster_28280.1.44","Mrg15",35.1
"avgbs_cluster_28280.1.48","Mrg15",35.1
"avgbs_cluster_28280.1.52","Mrg15",35.1
"avgbs_cluster_28328.1.29","Mrg15",52.7
"avgbs_cluster_28328.1.31","Mrg15",52.7
"avgbs_cluster_28328.1.64","Mrg15",52.7
"avgbs_cluster_28338.1.48","Mrg20",209.4
"avgbs_cluster_28340.1.50","Mrg15",3.8
"avgbs_cluster_28341.1.28","Mrg20",226.6
"avgbs_cluster_28341.1.60","Mrg20",226.6
"avgbs_cluster_28343.1.50","Mrg06",56.8
"avgbs_cluster_28349.1.36","Mrg23",15.5
"avgbs_cluster_28349.1.43","Mrg23",15.5
"avgbs_cluster_28353.1.7","Mrg24",60.2
"avgbs_cluster_28385.1.15","Mrg03",9
"avgbs_cluster_28385.1.26","Mrg03",9
"avgbs_cluster_28420.1.27","Mrg17",68.2
"avgbs_cluster_28420.1.33","Mrg17",68.2
"avgbs_cluster_28450.1.8","Mrg06",146.8
"avgbs_cluster_28453.1.33","Mrg04",39.4
"avgbs_cluster_28453.1.46","Mrg04",39.4
"avgbs_cluster_28465.1.12","Mrg03",18.6
"avgbs_cluster_28477.1.62","Mrg17",56.5
"avgbs_cluster_28477.1.63","Mrg17",56.5
"avgbs_cluster_28534.1.10","Mrg05",110.1
"avgbs_cluster_28534.1.46","Mrg05",110.1
"avgbs_cluster_28534.1.8","Mrg05",110.1
"avgbs_cluster_28544.1.28","Mrg08",142.3
"avgbs_cluster_28549.1.23","Mrg08",62.4
"avgbs_cluster_28668.1.43","Mrg11",108.6
"avgbs_cluster_28673.1.59","Mrg03",80.3
"avgbs_cluster_28710.1.42","Mrg11",99.7
"avgbs_cluster_2873.1.34","Mrg02",23.2
"avgbs_cluster_28765.1.55","Mrg03",53.9
"avgbs_cluster_28886.1.51","Mrg33",73
"avgbs_cluster_28904.1.20","Mrg04",44.7
"avgbs_cluster_28978.1.13","Mrg04",50.3
"avgbs_cluster_29067.1.21","Mrg01",83.9
"avgbs_cluster_29067.1.38","Mrg01",83.9
"avgbs_cluster_2913.1.44","Mrg08",145.2
"avgbs_cluster_29174.1.26","Mrg11",12.3
"avgbs_cluster_29217.1.50","Mrg23",63.7
"avgbs_cluster_29217.1.53","Mrg23",63.7
"avgbs_cluster_29242.1.64","Mrg01",39.3
"avgbs_cluster_2937.1.23","Mrg09",92.8
"avgbs_cluster_29437.1.20","Mrg24",41.8
"avgbs_cluster_29437.1.37","Mrg24",41.8
"avgbs_cluster_29483.1.46","Mrg05",56.5
"avgbs_cluster_29535.1.31","Mrg17",92.1
"avgbs_cluster_29535.1.56","Mrg17",92.1
"avgbs_cluster_29545.1.49","Mrg15",60
"avgbs_cluster_29550.1.40","Mrg03",25.4
"avgbs_cluster_29568.1.47","Mrg09",42.6
"avgbs_cluster_29596.1.29","Mrg11",26
"avgbs_cluster_29598.1.45","Mrg11",39.2
"avgbs_cluster_29624.1.33","Mrg28",43.8
"avgbs_cluster_29682.1.29","Mrg21",187.6
"avgbs_cluster_29682.1.58","Mrg21",187.6
"avgbs_cluster_29748.2.25","Mrg20",204.8
"avgbs_cluster_29761.1.38","Mrg17",61.5
"avgbs_cluster_29761.1.47","Mrg17",61.5
"avgbs_cluster_298.1.54","Mrg13",41.6
"avgbs_cluster_298.1.64","Mrg13",41.6
"avgbs_cluster_29838.1.26","Mrg06",51.6
"avgbs_cluster_29838.1.61","Mrg06",51.6
"avgbs_cluster_29844.1.16","Mrg15",58.2
"avgbs_cluster_29844.1.35","Mrg15",58.2
"avgbs_cluster_29851.1.14","Mrg17",83.9
"avgbs_cluster_29934.1.56","Mrg20",59.3
"avgbs_cluster_29974.1.51","Mrg20",97.1
"avgbs_cluster_30.1.54","Mrg09",16.3
"avgbs_cluster_30007.1.7","Mrg19",60.2
"avgbs_cluster_30025.1.63","Mrg01",108.4
"avgbs_cluster_30050.1.10","Mrg04",32.7
"avgbs_cluster_30050.1.28","Mrg04",32.7
"avgbs_cluster_30050.1.57","Mrg04",32.7
"avgbs_cluster_30055.1.26","Mrg17",89.4
"avgbs_cluster_30116.1.50","Mrg21",124.3
"avgbs_cluster_30120.1.28","Mrg17",33.2
"avgbs_cluster_30142.1.64","Mrg01",108.4
"avgbs_cluster_30185.1.27","Mrg15",15
"avgbs_cluster_30206.1.58","Mrg18",21.1
"avgbs_cluster_30206.1.60","Mrg18",21.1
"avgbs_cluster_30211.1.45","Mrg21",143.6
"avgbs_cluster_30232.1.39","Mrg02",23.2
"avgbs_cluster_30232.1.55","Mrg02",23.2
"avgbs_cluster_30245.2.38","Mrg12",63.5
"avgbs_cluster_3027.1.22","Mrg20",97.1
"avgbs_cluster_3027.1.33","Mrg20",97.1
"avgbs_cluster_30279.1.24","Mrg18",57.6
"avgbs_cluster_30279.1.37","Mrg18",68.3
"avgbs_cluster_30286.1.45","Mrg28",43.8
"avgbs_cluster_30349.1.20","Mrg02",10.8
"avgbs_cluster_30349.1.38","Mrg02",10.8
"avgbs_cluster_30373.1.64","Mrg09",65.2
"avgbs_cluster_30396.1.28","Mrg21",39.5
"avgbs_cluster_30405.1.63","Mrg02",87.4
"avgbs_cluster_30410.1.29","Mrg09",25.2
"avgbs_cluster_30463.1.18","Mrg17",34
"avgbs_cluster_30488.1.6","Mrg13",31
"avgbs_cluster_30568.1.44","Mrg02",67.4
"avgbs_cluster_30631.1.8","Mrg05",56.5
"avgbs_cluster_30632.1.13","Mrg21",140.1
"avgbs_cluster_30632.1.60","Mrg21",140.1
"avgbs_cluster_30657.1.25","Mrg04",55.1
"avgbs_cluster_30703.1.41","Mrg20",226.6
"avgbs_cluster_30703.1.54","Mrg20",226.6
"avgbs_cluster_3072.1.47","Mrg12",58.5
"avgbs_cluster_30724.1.10","Mrg17",110.4
"avgbs_cluster_3073.1.17","Mrg20",147.3
"avgbs_cluster_30750.1.29","Mrg01",50.7
"avgbs_cluster_30750.1.42","Mrg01",50.7
"avgbs_cluster_30809.1.14","Mrg11",41.2
"avgbs_cluster_3081.1.15","Mrg11",8.8
"avgbs_cluster_3081.1.52","Mrg11",8.8
"avgbs_cluster_3086.1.37","Mrg19",67.6
"avgbs_cluster_3086.1.59","Mrg19",67.7
"avgbs_cluster_30892.1.32","Mrg04",16.2
"avgbs_cluster_30981.1.51","Mrg01",25.1
"avgbs_cluster_31007.1.12","Mrg06",67.6
"avgbs_cluster_31007.1.13","Mrg06",67.6
"avgbs_cluster_31007.1.35","Mrg06",67.6
"avgbs_cluster_31120.1.45","Mrg19",66
"avgbs_cluster_31120.1.52","Mrg19",66
"avgbs_cluster_31120.1.8","Mrg19",66
"avgbs_cluster_3113.1.64","Mrg09",121.6
"avgbs_cluster_31142.1.31","Mrg23",40.5
"avgbs_cluster_31181.1.55","Mrg17",2.4
"avgbs_cluster_31185.1.33","Mrg28",58.8
"avgbs_cluster_31280.1.57","Mrg28",35.9
"avgbs_cluster_3137.1.16","Mrg24",41.8
"avgbs_cluster_31399.1.36","Mrg21",125.8
"avgbs_cluster_31411.1.54","Mrg28",43.8
"avgbs_cluster_31415.1.15","Mrg15",35.1
"avgbs_cluster_31453.1.10","Mrg21",69.8
"avgbs_cluster_31453.1.34","Mrg21",69.8
"avgbs_cluster_31496.1.35","Mrg04",37.9
"avgbs_cluster_3156.1.50","Mrg21",125.8
"avgbs_cluster_3156.1.53","Mrg21",125.8
"avgbs_cluster_31665.1.34","Mrg06",55.6
"avgbs_cluster_3171.1.40","Mrg06",41.8
"avgbs_cluster_31711.1.59","Mrg03",91.8
"avgbs_cluster_31714.1.42","Mrg21",140.1
"avgbs_cluster_31714.1.49","Mrg21",140.1
"avgbs_cluster_31716.1.30","Mrg03",75.8
"avgbs_cluster_31716.1.41","Mrg03",75.8
"avgbs_cluster_31716.1.61","Mrg03",75.8
"avgbs_cluster_3173.1.11","Mrg08",93.5
"avgbs_cluster_3173.1.7","Mrg08",93.5
"avgbs_cluster_31743.1.51","Mrg17",95.4
"avgbs_cluster_31756.1.52","Mrg05",57.2
"avgbs_cluster_31756.1.53","Mrg05",57.2
"avgbs_cluster_31782.1.64","Mrg17",33.2
"avgbs_cluster_31789.1.35","Mrg20",99.8
"avgbs_cluster_31807.1.33","Mrg09",85.6
"avgbs_cluster_3184.1.39","Mrg06",67.6
"avgbs_cluster_3184.1.40","Mrg06",67.6
"avgbs_cluster_31841.1.17","Mrg11",8.8
"avgbs_cluster_31882.1.17","Mrg13",60
"avgbs_cluster_31885.1.53","Mrg24",74.8
"avgbs_cluster_31895.1.64","Mrg06",35.4
"avgbs_cluster_31914.1.16","Mrg11",48.8
"avgbs_cluster_31987.1.15","Mrg09",84.4
"avgbs_cluster_31987.1.26","Mrg09",86.8
"avgbs_cluster_31991.1.20","Mrg18",40
"avgbs_cluster_32001.1.11","Mrg09",78.3
"avgbs_cluster_32026.1.10","Mrg08",93.3
"avgbs_cluster_32075.1.34","Mrg17",100.7
"avgbs_cluster_32091.1.12","Mrg19",66.5
"avgbs_cluster_32091.1.21","Mrg19",76.3
"avgbs_cluster_32091.1.36","Mrg19",76.3
"avgbs_cluster_32186.1.14","Mrg18",62.7
"avgbs_cluster_32230.1.12","Mrg03",109.8
"avgbs_cluster_32230.1.16","Mrg03",109.8
"avgbs_cluster_3225.1.37","Mrg21",181.1
"avgbs_cluster_32312.1.29","Mrg21",114.7
"avgbs_cluster_32321.1.50","Mrg20",204.6
"avgbs_cluster_32321.1.62","Mrg20",204.6
"avgbs_cluster_32332.1.23","Mrg15",84
"avgbs_cluster_32332.1.25","Mrg15",84
"avgbs_cluster_32345.1.47","Mrg09",43.4
"avgbs_cluster_3240.1.61","Mrg11",56.9
"avgbs_cluster_32402.1.19","Mrg24",50.5
"avgbs_cluster_32402.1.33","Mrg24",50.5
"avgbs_cluster_32432.1.61","Mrg15",35.1
"avgbs_cluster_32438.1.29","Mrg15",32.7
"avgbs_cluster_32456.1.17","Mrg11",52.8
"avgbs_cluster_32471.1.49","Mrg06",108.8
"avgbs_cluster_32484.1.63","Mrg15",67.6
"avgbs_cluster_32485.1.57","Mrg09",86.8
"avgbs_cluster_32485.1.58","Mrg09",86.8
"avgbs_cluster_32485.1.63","Mrg09",86.8
"avgbs_cluster_3251.1.23","Mrg03",56.9
"avgbs_cluster_32518.1.63","Mrg03",48.1
"avgbs_cluster_32518.1.64","Mrg03",48.1
"avgbs_cluster_32519.1.64","Mrg18",69.6
"avgbs_cluster_32525.1.33","Mrg06",-1.9
"avgbs_cluster_32540.1.31","Mrg13",108.5
"avgbs_cluster_32570.1.17","Mrg06",57.2
"avgbs_cluster_32570.1.18","Mrg06",57.2
"avgbs_cluster_32570.1.45","Mrg06",57.2
"avgbs_cluster_32578.1.51","Mrg33",38.4
"avgbs_cluster_32585.1.38","Mrg04",37.9
"avgbs_cluster_3267.1.14","Mrg01",109
"avgbs_cluster_3267.1.46","Mrg01",109
"avgbs_cluster_32678.1.38","Mrg20",226.6
"avgbs_cluster_32680.1.13","Mrg08",142
"avgbs_cluster_32680.1.42","Mrg08",142
"avgbs_cluster_32683.1.27","Mrg24",60.2
"avgbs_cluster_32683.1.49","Mrg24",60.2
"avgbs_cluster_32695.1.18","Mrg04",37.9
"avgbs_cluster_32721.1.44","Mrg09",111.7
"avgbs_cluster_32721.1.62","Mrg09",111.7
"avgbs_cluster_32737.1.25","Mrg28",43.8
"avgbs_cluster_32761.1.25","Mrg17",32.8
"avgbs_cluster_32768.1.24","Mrg05",56.5
"avgbs_cluster_32777.1.62","Mrg24",45
"avgbs_cluster_32784.1.14","Mrg18",69
"avgbs_cluster_32784.1.61","Mrg18",69
"avgbs_cluster_32785.1.50","Mrg03",73.1
"avgbs_cluster_32790.1.20","Mrg21",113.2
"avgbs_cluster_32790.1.23","Mrg21",113.2
"avgbs_cluster_32790.1.25","Mrg21",113.2
"avgbs_cluster_328.1.12","Mrg17",17.7
"avgbs_cluster_328.1.40","Mrg17",17.7
"avgbs_cluster_32801.1.29","Mrg13",18.2
"avgbs_cluster_32801.1.59","Mrg13",18.2
"avgbs_cluster_32810.1.19","Mrg33",47.3
"avgbs_cluster_32810.1.20","Mrg33",47.3
"avgbs_cluster_32822.1.15","Mrg12",33.4
"avgbs_cluster_32822.1.54","Mrg12",33.4
"avgbs_cluster_32840.1.16","Mrg11",26
"avgbs_cluster_32840.1.17","Mrg11",26
"avgbs_cluster_32840.1.20","Mrg11",26
"avgbs_cluster_32873.1.40","Mrg01",103.1
"avgbs_cluster_32873.1.62","Mrg01",103.1
"avgbs_cluster_329.1.23","Mrg17",84.4
"avgbs_cluster_329.1.38","Mrg17",84.4
"avgbs_cluster_32914.1.40","Mrg05",81.9
"avgbs_cluster_32914.1.44","Mrg05",81.9
"avgbs_cluster_32914.1.9","Mrg05",81.9
"avgbs_cluster_3296.1.41","Mrg17",78.9
"avgbs_cluster_3296.1.48","Mrg17",78.9
"avgbs_cluster_3296.1.58","Mrg17",78.9
"avgbs_cluster_3296.1.60","Mrg17",89.4
"avgbs_cluster_33010.1.58","Mrg17",15.3
"avgbs_cluster_33060.1.13","Mrg24",41.2
"avgbs_cluster_33086.1.26","Mrg17",33.2
"avgbs_cluster_33092.1.10","Mrg13",66.4
"avgbs_cluster_33092.1.9","Mrg13",66.4
"avgbs_cluster_33170.1.58","Mrg21",198.5
"avgbs_cluster_33215.1.27","Mrg24",41.8
"avgbs_cluster_3322.1.38","Mrg17",7.3
"avgbs_cluster_3322.1.46","Mrg17",7.3
"avgbs_cluster_33230.1.48","Mrg09",44.7
"avgbs_cluster_3324.1.14","Mrg03",73.1
"avgbs_cluster_3324.1.60","Mrg03",73.1
"avgbs_cluster_33254.1.33","Mrg15",35.1
"avgbs_cluster_33279.1.52","Mrg11",54
"avgbs_cluster_33421.1.16","Mrg04",57.5
"avgbs_cluster_33462.1.10","Mrg33",91.5
"avgbs_cluster_33510.1.30","Mrg01",117.4
"avgbs_cluster_33510.1.33","Mrg01",117.4
"avgbs_cluster_33510.1.54","Mrg01",117.4
"avgbs_cluster_33538.1.13","Mrg20",226.6
"avgbs_cluster_33538.1.50","Mrg20",226.6
"avgbs_cluster_33539.1.21","Mrg17",112.4
"avgbs_cluster_33539.1.49","Mrg17",112.4
"avgbs_cluster_33543.1.19","Mrg20",147.3
"avgbs_cluster_33548.1.14","Mrg21",140.1
"avgbs_cluster_33548.1.30","Mrg21",140.1
"avgbs_cluster_33550.1.43","Mrg02",85.2
"avgbs_cluster_33550.1.60","Mrg02",85.2
"avgbs_cluster_3356.1.26","Mrg19",92.2
"avgbs_cluster_33564.1.47","Mrg19",31.3
"avgbs_cluster_33564.1.61","Mrg19",31.3
"avgbs_cluster_3359.1.29","Mrg21",175.1
"avgbs_cluster_336.1.13","Mrg03",28.5
"avgbs_cluster_336.1.50","Mrg03",28.5
"avgbs_cluster_33612.1.43","Mrg11",108.6
"avgbs_cluster_33612.1.61","Mrg11",108.6
"avgbs_cluster_33624.1.44","Mrg03",14.7
"avgbs_cluster_3365.1.56","Mrg06",67.6
"avgbs_cluster_3365.1.59","Mrg06",67.6
"avgbs_cluster_33704.1.29","Mrg03",25.3
"avgbs_cluster_33704.1.41","Mrg03",25.3
"avgbs_cluster_33704.1.50","Mrg03",25.4
"avgbs_cluster_33791.1.37","Mrg09",103.8
"avgbs_cluster_33813.1.48","Mrg20",120.1
"avgbs_cluster_33813.1.9","Mrg20",120.1
"avgbs_cluster_33829.1.31","Mrg13",96.7
"avgbs_cluster_33847.1.17","Mrg06",25.8
"avgbs_cluster_33848.1.36","Mrg18",37.9
"avgbs_cluster_33848.1.37","Mrg18",37.9
"avgbs_cluster_33876.1.64","Mrg12",56.7
"avgbs_cluster_33880.1.11","Mrg28",58.3
"avgbs_cluster_33880.1.56","Mrg28",58.3
"avgbs_cluster_33883.1.12","Mrg03",44.2
"avgbs_cluster_33909.1.54","Mrg12",55
"avgbs_cluster_33979.1.34","Mrg13",105.5
"avgbs_cluster_33993.1.36","Mrg24",95.3
"avgbs_cluster_34008.1.24","Mrg11",8.8
"avgbs_cluster_34031.1.31","Mrg24",56.1
"avgbs_cluster_34031.1.57","Mrg24",56.1
"avgbs_cluster_34057.1.38","Mrg23",8.7
"avgbs_cluster_34110.1.61","Mrg33",38.8
"avgbs_cluster_34117.1.29","Mrg21",28.3
"avgbs_cluster_34117.1.41","Mrg21",28.3
"avgbs_cluster_3416.1.44","Mrg11",54
"avgbs_cluster_34162.1.57","Mrg08",62.4
"avgbs_cluster_34168.1.49","Mrg18",68.6
"avgbs_cluster_34168.1.54","Mrg18",68.6
"avgbs_cluster_34168.1.58","Mrg18",68.6
"avgbs_cluster_34220.1.17","Mrg08",63.1
"avgbs_cluster_34220.1.39","Mrg08",62.4
"avgbs_cluster_34228.1.31","Mrg33",97.1
"avgbs_cluster_34228.1.42","Mrg33",97.1
"avgbs_cluster_3424.1.25","Mrg12",16.5
"avgbs_cluster_3424.1.50","Mrg12",16.5
"avgbs_cluster_34267.1.25","Mrg01",31.7
"avgbs_cluster_34267.1.58","Mrg01",31.7
"avgbs_cluster_34269.1.22","Mrg08",151.9
"avgbs_cluster_34282.1.54","Mrg06",28.6
"avgbs_cluster_34292.1.22","Mrg20",181.2
"avgbs_cluster_34292.1.43","Mrg20",181.2
"avgbs_cluster_34295.1.47","Mrg11",48.8
"avgbs_cluster_34295.1.9","Mrg11",48.8
"avgbs_cluster_34301.1.12","Mrg03",25.4
"avgbs_cluster_34301.1.29","Mrg03",25.4
"avgbs_cluster_34301.1.53","Mrg03",19.5
"avgbs_cluster_34308.1.34","Mrg21",209.8
"avgbs_cluster_34316.1.51","Mrg17",94.7
"avgbs_cluster_34316.1.54","Mrg17",94.7
"avgbs_cluster_34317.1.46","Mrg17",78.8
"avgbs_cluster_34317.1.57","Mrg17",77.6
"avgbs_cluster_34325.1.23","Mrg19",31.3
"avgbs_cluster_34325.1.25","Mrg19",31.3
"avgbs_cluster_34392.1.12","Mrg09",88.5
"avgbs_cluster_34392.1.24","Mrg09",88.5
"avgbs_cluster_34422.1.40","Mrg09",111.7
"avgbs_cluster_34422.1.44","Mrg09",111.7
"avgbs_cluster_34442.1.15","Mrg02",67.4
"avgbs_cluster_34442.1.21","Mrg02",67.4
"avgbs_cluster_34442.1.27","Mrg02",67.4
"avgbs_cluster_34449.1.33","Mrg05",56.9
"avgbs_cluster_34449.1.9","Mrg05",56.9
"avgbs_cluster_34455.1.28","Mrg01",50.7
"avgbs_cluster_34459.1.21","Mrg01",128.5
"avgbs_cluster_34459.1.22","Mrg01",128.5
"avgbs_cluster_34464.1.20","Mrg03",81.5
"avgbs_cluster_34467.1.16","Mrg24",41.8
"avgbs_cluster_34467.1.61","Mrg24",41.8
"avgbs_cluster_34499.1.20","Mrg12",15.5
"avgbs_cluster_34499.1.30","Mrg12",15.5
"avgbs_cluster_34505.1.27","Mrg13",73.6
"avgbs_cluster_34510.1.33","Mrg05",56.5
"avgbs_cluster_34510.1.54","Mrg05",56.5
"avgbs_cluster_34510.1.57","Mrg05",56.5
"avgbs_cluster_34522.1.17","Mrg15",50.3
"avgbs_cluster_34522.1.40","Mrg15",50.3
"avgbs_cluster_34554.1.61","Mrg09",82.3
"avgbs_cluster_34561.2.23","Mrg21",124
"avgbs_cluster_34561.2.32","Mrg21",124
"avgbs_cluster_3457.1.20","Mrg13",41.6
"avgbs_cluster_3457.1.54","Mrg13",41.6
"avgbs_cluster_3457.1.61","Mrg13",41.6
"avgbs_cluster_34617.1.33","Mrg08",72
"avgbs_cluster_34626.1.60","Mrg15",72.9
"avgbs_cluster_34668.1.23","Mrg18",10.9
"avgbs_cluster_34677.1.39","Mrg21",27.3
"avgbs_cluster_34698.1.24","Mrg08",123.6
"avgbs_cluster_34714.1.63","Mrg33",82
"avgbs_cluster_34714.1.64","Mrg33",82
"avgbs_cluster_34717.1.27","Mrg05",93
"avgbs_cluster_34717.1.60","Mrg05",93
"avgbs_cluster_34750.1.23","Mrg13",68.7
"avgbs_cluster_34750.1.48","Mrg13",68.7
"avgbs_cluster_34763.1.50","Mrg09",54.3
"avgbs_cluster_34775.1.61","Mrg04",43.9
"avgbs_cluster_34780.1.30","Mrg19",52.1
"avgbs_cluster_34792.1.11","Mrg28",51.5
"avgbs_cluster_34797.1.26","Mrg12",56.7
"avgbs_cluster_34806.1.53","Mrg05",56.5
"avgbs_cluster_3483.1.29","Mrg13",76
"avgbs_cluster_34830.1.21","Mrg20",156.7
"avgbs_cluster_34835.1.28","Mrg01",114.4
"avgbs_cluster_34835.1.58","Mrg01",114.4
"avgbs_cluster_34864.1.12","Mrg17",62.9
"avgbs_cluster_34864.1.13","Mrg17",62.9
"avgbs_cluster_34867.1.33","Mrg19",49.8
"avgbs_cluster_34902.1.52","Mrg09",78.3
"avgbs_cluster_34905.1.20","Mrg28",36.8
"avgbs_cluster_34949.1.41","Mrg24",41.8
"avgbs_cluster_34971.1.27","Mrg15",23.6
"avgbs_cluster_34971.1.42","Mrg15",23.6
"avgbs_cluster_34971.1.64","Mrg15",23.6
"avgbs_cluster_3498.1.6","Mrg02",87.3
"avgbs_cluster_34984.1.28","Mrg08",137.4
"avgbs_cluster_34984.1.46","Mrg08",137.4
"avgbs_cluster_34984.1.8","Mrg08",137.4
"avgbs_cluster_34998.1.26","Mrg17",78.8
"avgbs_cluster_35006.1.10","Mrg33",102.6
"avgbs_cluster_3501.1.54","Mrg13",60
"avgbs_cluster_3501.1.6","Mrg13",60
"avgbs_cluster_35023.1.52","Mrg03",68.1
"avgbs_cluster_35027.1.39","Mrg05",57.8
"avgbs_cluster_35067.1.19","Mrg05",50.5
"avgbs_cluster_35070.1.29","Mrg23",19
"avgbs_cluster_35092.1.7","Mrg21",158.4
"avgbs_cluster_35107.1.17","Mrg03",3.3
"avgbs_cluster_35141.1.43","Mrg28",43.8
"avgbs_cluster_35149.1.25","Mrg20",232.1
"avgbs_cluster_3515.1.57","Mrg08",62.4
"avgbs_cluster_35151.1.54","Mrg18",7.3
"avgbs_cluster_35151.1.55","Mrg18",7.3
"avgbs_cluster_35154.1.64","Mrg08",147.3
"avgbs_cluster_35163.1.33","Mrg08",182.3
"avgbs_cluster_35163.1.37","Mrg08",182.3
"avgbs_cluster_35174.1.14","Mrg12",63.5
"avgbs_cluster_35174.1.43","Mrg12",63.5
"avgbs_cluster_35174.1.49","Mrg12",63.5
"avgbs_cluster_35201.1.26","Mrg23",60.4
"avgbs_cluster_35217.1.59","Mrg17",98.3
"avgbs_cluster_35217.1.9","Mrg17",98.3
"avgbs_cluster_3522.1.17","Mrg01",51.7
"avgbs_cluster_3522.1.36","Mrg01",51.7
"avgbs_cluster_3522.1.43","Mrg01",51.7
"avgbs_cluster_35220.1.10","Mrg15",77.6
"avgbs_cluster_35220.1.16","Mrg15",85.8
"avgbs_cluster_35220.1.44","Mrg15",85.8
"avgbs_cluster_35230.1.57","Mrg02",33.7
"avgbs_cluster_35251.1.7","Mrg05",135.5
"avgbs_cluster_35252.1.40","Mrg19",67.4
"avgbs_cluster_3526.1.53","Mrg28",43.8
"avgbs_cluster_35267.1.61","Mrg04",36.7
"avgbs_cluster_35267.1.8","Mrg04",36.7
"avgbs_cluster_35268.1.12","Mrg13",36.7
"avgbs_cluster_35273.1.11","Mrg21",200.6
"avgbs_cluster_35273.1.12","Mrg21",200.6
"avgbs_cluster_35273.1.13","Mrg21",200.6
"avgbs_cluster_35279.1.35","Mrg28",43.8
"avgbs_cluster_35284.1.20","Mrg03",56.9
"avgbs_cluster_35284.1.24","Mrg03",58.4
"avgbs_cluster_35290.1.41","Mrg17",94.7
"avgbs_cluster_35292.1.41","Mrg20",147.3
"avgbs_cluster_35292.1.50","Mrg20",147.3
"avgbs_cluster_35292.1.51","Mrg20",147.3
"avgbs_cluster_3533.1.38","Mrg24",21.5
"avgbs_cluster_3533.1.62","Mrg24",21.2
"avgbs_cluster_35338.1.14","Mrg08",57.7
"avgbs_cluster_35338.1.17","Mrg08",57.7
"avgbs_cluster_35338.1.48","Mrg08",57.7
"avgbs_cluster_35368.1.48","Mrg15",26.4
"avgbs_cluster_35379.1.20","Mrg08",121.2
"avgbs_cluster_35381.1.25","Mrg13",36.7
"avgbs_cluster_35390.1.60","Mrg13",35.9
"avgbs_cluster_35392.1.24","Mrg05",57.8
"avgbs_cluster_35392.1.30","Mrg05",81.9
"avgbs_cluster_3540.1.42","Mrg21",125.8
"avgbs_cluster_35404.1.17","Mrg17",75.6
"avgbs_cluster_35404.1.8","Mrg17",75.6
"avgbs_cluster_35408.1.7","Mrg08",146.1
"avgbs_cluster_35417.1.30","Mrg18",60.9
"avgbs_cluster_35424.1.15","Mrg21",200.9
"avgbs_cluster_35424.1.22","Mrg21",200.9
"avgbs_cluster_35424.1.43","Mrg21",200.9
"avgbs_cluster_35432.1.49","Mrg13",40.3
"avgbs_cluster_35446.1.24","Mrg15",35.1
"avgbs_cluster_35446.1.62","Mrg15",35.1
"avgbs_cluster_35447.1.18","Mrg09",86.8
"avgbs_cluster_35447.1.35","Mrg09",86.8
"avgbs_cluster_35464.1.12","Mrg24",10.1
"avgbs_cluster_35464.1.32","Mrg24",10.1
"avgbs_cluster_35469.1.57","Mrg02",72.1
"avgbs_cluster_35516.1.15","Mrg05",27.4
"avgbs_cluster_35516.1.29","Mrg05",27.4
"avgbs_cluster_35516.1.48","Mrg05",27.4
"avgbs_cluster_35519.1.12","Mrg03",51.5
"avgbs_cluster_35519.1.51","Mrg03",51.5
"avgbs_cluster_35519.1.64","Mrg03",51.5
"avgbs_cluster_35525.1.23","Mrg11",81.4
"avgbs_cluster_35525.1.28","Mrg11",81.4
"avgbs_cluster_35530.1.23","Mrg11",33.7
"avgbs_cluster_35531.1.33","Mrg01",39.3
"avgbs_cluster_35540.1.9","Mrg04",24.6
"avgbs_cluster_35548.1.50","Mrg21",124.1
"avgbs_cluster_35548.1.64","Mrg21",124.1
"avgbs_cluster_35594.1.26","Mrg18",7.9
"avgbs_cluster_35594.1.34","Mrg18",7.9
"avgbs_cluster_35611.1.37","Mrg18",69
"avgbs_cluster_3562.1.12","Mrg02",87.3
"avgbs_cluster_35620.1.38","Mrg19",58.1
"avgbs_cluster_35640.1.58","Mrg17",37.3
"avgbs_cluster_35672.1.13","Mrg20",251
"avgbs_cluster_35672.1.44","Mrg20",251
"avgbs_cluster_35690.1.37","Mrg11",52.9
"avgbs_cluster_35690.1.52","Mrg11",52.9
"avgbs_cluster_35710.1.64","Mrg09",86.7
"avgbs_cluster_35718.1.16","Mrg03",128.6
"avgbs_cluster_35718.1.40","Mrg03",128.6
"avgbs_cluster_35738.1.42","Mrg08",142
"avgbs_cluster_35738.1.53","Mrg08",142
"avgbs_cluster_35739.1.38","Mrg02",87.3
"avgbs_cluster_3578.1.57","Mrg13",37.9
"avgbs_cluster_35793.1.23","Mrg28",35.9
"avgbs_cluster_3580.1.48","Mrg28",20
"avgbs_cluster_35822.1.53","Mrg28",32.2
"avgbs_cluster_35863.1.30","Mrg24",41.8
"avgbs_cluster_35931.1.56","Mrg01",53.1
"avgbs_cluster_35951.1.37","Mrg21",181.1
"avgbs_cluster_35951.1.53","Mrg21",181.1
"avgbs_cluster_35965.1.53","Mrg05",112.3
"avgbs_cluster_35970.1.47","Mrg08",111.3
"avgbs_cluster_35980.1.55","Mrg03",80.3
"avgbs_cluster_35984.1.7","Mrg23",68.3
"avgbs_cluster_35998.1.59","Mrg01",79.7
"avgbs_cluster_35998.1.62","Mrg01",79.7
"avgbs_cluster_35998.1.64","Mrg01",79.7
"avgbs_cluster_36009.1.7","Mrg20",218.3
"avgbs_cluster_36011.1.38","Mrg24",5.4
"avgbs_cluster_36014.1.46","Mrg09",116.4
"avgbs_cluster_36019.1.61","Mrg21",32.1
"avgbs_cluster_36019.1.63","Mrg21",32.1
"avgbs_cluster_36034.1.57","Mrg21",124.1
"avgbs_cluster_36103.1.56","Mrg03",53.9
"avgbs_cluster_36103.1.58","Mrg03",53.9
"avgbs_cluster_36113.1.24","Mrg01",90.4
"avgbs_cluster_36116.1.13","Mrg21",28.3
"avgbs_cluster_36125.1.44","Mrg06",67.6
"avgbs_cluster_36132.1.50","Mrg24",31.6
"avgbs_cluster_36132.1.59","Mrg24",31.6
"avgbs_cluster_36138.1.37","Mrg20",122.8
"avgbs_cluster_36150.1.12","Mrg17",32.2
"avgbs_cluster_36152.1.63","Mrg09",50.9
"avgbs_cluster_36152.1.64","Mrg09",50.9
"avgbs_cluster_36165.1.13","Mrg17",37.3
"avgbs_cluster_36165.1.29","Mrg17",37.3
"avgbs_cluster_36167.1.43","Mrg02",87.3
"avgbs_cluster_36176.1.10","Mrg12",63.5
"avgbs_cluster_36176.1.37","Mrg12",63.5
"avgbs_cluster_3620.1.40","Mrg28",35.9
"avgbs_cluster_36227.1.55","Mrg13",96.7
"avgbs_cluster_36227.1.61","Mrg13",96.7
"avgbs_cluster_36242.1.19","Mrg17",62.9
"avgbs_cluster_36242.1.24","Mrg17",68.2
"avgbs_cluster_36244.1.60","Mrg13",49.9
"avgbs_cluster_3625.1.22","Mrg12",53.5
"avgbs_cluster_3625.1.63","Mrg12",53.5
"avgbs_cluster_3625.1.64","Mrg12",53.5
"avgbs_cluster_36278.1.24","Mrg03",101.6
"avgbs_cluster_36286.1.16","Mrg08",118.8
"avgbs_cluster_36292.1.51","Mrg01",87.4
"avgbs_cluster_36303.1.50","Mrg17",68.5
"avgbs_cluster_36303.1.52","Mrg17",68.5
"avgbs_cluster_36303.1.9","Mrg17",68.5
"avgbs_cluster_36329.1.27","Mrg17",80.2
"avgbs_cluster_36329.1.49","Mrg17",80.2
"avgbs_cluster_36329.1.59","Mrg17",83.8
"avgbs_cluster_3637.1.37","Mrg03",68.7
"avgbs_cluster_36446.1.17","Mrg12",29.5
"avgbs_cluster_36463.1.26","Mrg17",83.6
"avgbs_cluster_36463.1.46","Mrg17",83.6
"avgbs_cluster_36463.1.53","Mrg17",83.6
"avgbs_cluster_36473.1.26","Mrg19",68.1
"avgbs_cluster_36473.1.52","Mrg19",64.7
"avgbs_cluster_36475.1.11","Mrg24",78.6
"avgbs_cluster_36517.1.23","Mrg28",32.6
"avgbs_cluster_36517.1.60","Mrg28",32.6
"avgbs_cluster_36521.1.30","Mrg28",43.8
"avgbs_cluster_36528.1.54","Mrg04",23.8
"avgbs_cluster_36530.1.54","Mrg08",142.8
"avgbs_cluster_36539.1.37","Mrg21",28.3
"avgbs_cluster_36539.1.54","Mrg21",28.3
"avgbs_cluster_36540.1.38","Mrg18",7.5
"avgbs_cluster_36540.1.50","Mrg18",1.5
"avgbs_cluster_3656.1.31","Mrg02",23.2
"avgbs_cluster_36585.1.56","Mrg02",85.2
"avgbs_cluster_3660.1.52","Mrg06",18.8
"avgbs_cluster_36604.1.23","Mrg01",73.7
"avgbs_cluster_36611.1.58","Mrg24",41.8
"avgbs_cluster_36630.1.28","Mrg28",43.8
"avgbs_cluster_36640.1.49","Mrg17",70.5
"avgbs_cluster_36700.1.49","Mrg19",49.8
"avgbs_cluster_36780.1.18","Mrg03",48.1
"avgbs_cluster_36780.2.16","Mrg06",67.6
"avgbs_cluster_36789.1.57","Mrg02",23.2
"avgbs_cluster_36808.1.29","Mrg02",10.8
"avgbs_cluster_36808.1.52","Mrg02",10.8
"avgbs_cluster_36815.1.8","Mrg12",63.5
"avgbs_cluster_36829.1.38","Mrg18",64.5
"avgbs_cluster_36829.1.52","Mrg18",64.5
"avgbs_cluster_36829.1.62","Mrg18",64.5
"avgbs_cluster_36856.1.59","Mrg33",97.7
"avgbs_cluster_36856.1.61","Mrg33",97.7
"avgbs_cluster_36856.1.63","Mrg33",97.7
"avgbs_cluster_36864.1.32","Mrg04",38.1
"avgbs_cluster_36884.1.39","Mrg17",89.4
"avgbs_cluster_36887.1.27","Mrg04",41.8
"avgbs_cluster_36887.1.47","Mrg04",41.8
"avgbs_cluster_36892.1.54","Mrg21",125.8
"avgbs_cluster_36943.1.49","Mrg20",232.1
"avgbs_cluster_36943.1.63","Mrg20",232.1
"avgbs_cluster_36966.1.11","Mrg02",73.3
"avgbs_cluster_36966.1.21","Mrg02",73.3
"avgbs_cluster_36969.1.31","Mrg04",20.2
"avgbs_cluster_36984.1.29","Mrg17",88
"avgbs_cluster_36998.1.39","Mrg03",82.8
"avgbs_cluster_36998.1.40","Mrg03",82.8
"avgbs_cluster_37037.1.49","Mrg13",36.7
"avgbs_cluster_37046.1.23","Mrg12",56.7
"avgbs_cluster_37053.1.53","Mrg21",206.1
"avgbs_cluster_37059.1.22","Mrg28",43.8
"avgbs_cluster_3706.1.61","Mrg11",52.8
"avgbs_cluster_3706.1.63","Mrg11",52.8
"avgbs_cluster_3706.1.64","Mrg11",52.8
"avgbs_cluster_37065.1.59","Mrg05",56.5
"avgbs_cluster_37092.1.19","Mrg18",32.5
"avgbs_cluster_37092.1.36","Mrg18",32.5
"avgbs_cluster_37107.1.29","Mrg08",110.1
"avgbs_cluster_37107.1.53","Mrg08",110.1
"avgbs_cluster_37140.1.50","Mrg13",39.4
"avgbs_cluster_37140.1.57","Mrg13",39.4
"avgbs_cluster_3715.1.43","Mrg01",109
"avgbs_cluster_37152.1.36","Mrg15",35.1
"avgbs_cluster_37164.1.35","Mrg05",135.5
"avgbs_cluster_37164.1.39","Mrg05",135.5
"avgbs_cluster_37164.1.40","Mrg05",135.5
"avgbs_cluster_37167.1.30","Mrg06",66.1
"avgbs_cluster_37167.1.38","Mrg06",66.1
"avgbs_cluster_37169.1.11","Mrg13",40.8
"avgbs_cluster_37186.1.21","Mrg20",217.3
"avgbs_cluster_37186.1.59","Mrg20",217.3
"avgbs_cluster_37186.1.7","Mrg20",217.3
"avgbs_cluster_37225.1.45","Mrg11",52.8
"avgbs_cluster_3723.1.45","Mrg09",73.5
"avgbs_cluster_37233.1.29","Mrg03",42.7
"avgbs_cluster_37233.1.34","Mrg03",42.7
"avgbs_cluster_37233.1.43","Mrg03",42.7
"avgbs_cluster_37300.1.27","Mrg11",54
"avgbs_cluster_3731.1.24","Mrg20",196.1
"avgbs_cluster_37333.1.8","Mrg17",10.5
"avgbs_cluster_37342.1.63","Mrg19",55.4
"avgbs_cluster_37346.1.41","Mrg15",58.2
"avgbs_cluster_37346.1.57","Mrg15",58.2
"avgbs_cluster_37364.1.52","Mrg20",41.6
"avgbs_cluster_37364.1.57","Mrg20",41.6
"avgbs_cluster_37368.1.56","Mrg13",41.2
"avgbs_cluster_3738.1.13","Mrg23",62.1
"avgbs_cluster_3738.1.54","Mrg23",62.1
"avgbs_cluster_37383.1.50","Mrg20",74.3
"avgbs_cluster_37383.1.59","Mrg20",74.3
"avgbs_cluster_37384.1.27","Mrg20",226.6
"avgbs_cluster_37387.1.13","Mrg19",28.8
"avgbs_cluster_37387.1.50","Mrg19",28.8
"avgbs_cluster_37467.1.21","Mrg09",67.5
"avgbs_cluster_37467.1.22","Mrg09",67.5
"avgbs_cluster_37489.1.19","Mrg11",24.9
"avgbs_cluster_37491.1.31","Mrg20",156.7
"avgbs_cluster_37526.1.42","Mrg01",23.8
"avgbs_cluster_37531.1.52","Mrg12",22
"avgbs_cluster_37531.1.58","Mrg12",22
"avgbs_cluster_37542.1.7","Mrg03",72.7
"avgbs_cluster_37548.1.25","Mrg09",78.3
"avgbs_cluster_37564.1.63","Mrg24",19.4
"avgbs_cluster_3759.1.62","Mrg08",151.9
"avgbs_cluster_3759.1.64","Mrg08",151.9
"avgbs_cluster_37607.1.30","Mrg05",98.7
"avgbs_cluster_37607.1.7","Mrg05",98.7
"avgbs_cluster_37607.1.8","Mrg05",98.7
"avgbs_cluster_3763.1.53","Mrg09",91.9
"avgbs_cluster_37638.1.15","Mrg05",82
"avgbs_cluster_37638.1.42","Mrg05",82
"avgbs_cluster_37648.1.13","Mrg11",28.6
"avgbs_cluster_37648.1.35","Mrg11",28.6
"avgbs_cluster_37659.1.43","Mrg03",25.4
"avgbs_cluster_37659.1.51","Mrg03",25.4
"avgbs_cluster_37660.1.24","Mrg18",22.7
"avgbs_cluster_37660.1.55","Mrg18",22.7
"avgbs_cluster_37660.1.61","Mrg18",22.7
"avgbs_cluster_37678.1.56","Mrg15",10
"avgbs_cluster_37678.1.64","Mrg15",10
"avgbs_cluster_37682.1.21","Mrg21",126.4
"avgbs_cluster_37682.1.63","Mrg21",126.4
"avgbs_cluster_37682.1.64","Mrg21",126.4
"avgbs_cluster_37690.1.17","Mrg21",155.7
"avgbs_cluster_37690.1.19","Mrg21",155.7
"avgbs_cluster_37703.1.12","Mrg01",58.1
"avgbs_cluster_37704.1.22","Mrg21",155.7
"avgbs_cluster_37707.1.17","Mrg28",54.2
"avgbs_cluster_37707.1.53","Mrg28",54.2
"avgbs_cluster_37716.1.25","Mrg11",65.9
"avgbs_cluster_3772.1.18","Mrg05",40.3
"avgbs_cluster_37734.1.19","Mrg04",20.2
"avgbs_cluster_37734.1.50","Mrg04",20.2
"avgbs_cluster_37739.1.37","Mrg06",51.7
"avgbs_cluster_37741.1.30","Mrg28",65.4
"avgbs_cluster_37771.1.24","Mrg11",32.4
"avgbs_cluster_37786.1.12","Mrg23",38
"avgbs_cluster_37786.1.55","Mrg23",38
"avgbs_cluster_37809.1.57","Mrg21",198.4
"avgbs_cluster_37809.1.60","Mrg21",198.4
"avgbs_cluster_37844.1.58","Mrg11",108.8
"avgbs_cluster_37844.1.59","Mrg11",108.8
"avgbs_cluster_37857.1.60","Mrg01",103.1
"avgbs_cluster_37857.1.61","Mrg01",103.1
"avgbs_cluster_37857.1.63","Mrg01",103.1
"avgbs_cluster_37894.1.46","Mrg08",151.9
"avgbs_cluster_37918.1.44","Mrg01",50.7
"avgbs_cluster_37918.1.64","Mrg01",50.7
"avgbs_cluster_37930.1.58","Mrg19",31.3
"avgbs_cluster_37930.1.7","Mrg19",31.3
"avgbs_cluster_37933.1.15","Mrg20",122.8
"avgbs_cluster_37933.1.62","Mrg20",122.8
"avgbs_cluster_37967.1.53","Mrg09",80.2
"avgbs_cluster_3799.1.18","Mrg21",213.3
"avgbs_cluster_3799.1.40","Mrg21",213.3
"avgbs_cluster_3799.1.45","Mrg21",213.3
"avgbs_cluster_38015.1.36","Mrg13",114.6
"avgbs_cluster_38058.1.18","Mrg05",81.8
"avgbs_cluster_38058.1.29","Mrg05",81.8
"avgbs_cluster_38110.1.41","Mrg24",10.7
"avgbs_cluster_38110.1.47","Mrg24",10.7
"avgbs_cluster_38112.1.47","Mrg03",55.8
"avgbs_cluster_38113.1.8","Mrg17",13.3
"avgbs_cluster_38163.1.58","Mrg20",135.8
"avgbs_cluster_38167.1.64","Mrg13",36.7
"avgbs_cluster_38171.1.9","Mrg33",44.4
"avgbs_cluster_38209.1.37","Mrg01",39.3
"avgbs_cluster_38211.1.17","Mrg21",172
"avgbs_cluster_38223.1.17","Mrg01",112.7
"avgbs_cluster_38223.1.61","Mrg01",112.7
"avgbs_cluster_38245.1.19","Mrg28",43.8
"avgbs_cluster_3826.1.35","Mrg11",76.9
"avgbs_cluster_38268.1.55","Mrg05",135.5
"avgbs_cluster_38268.1.57","Mrg05",135.5
"avgbs_cluster_3827.1.52","Mrg20",249.7
"avgbs_cluster_3829.1.51","Mrg15",70.4
"avgbs_cluster_3829.1.52","Mrg15",70.4
"avgbs_cluster_383.1.33","Mrg24",60.2
"avgbs_cluster_38306.1.34","Mrg21",27.3
"avgbs_cluster_38415.1.59","Mrg02",87.3
"avgbs_cluster_38415.1.60","Mrg02",87.3
"avgbs_cluster_38415.1.61","Mrg02",87.3
"avgbs_cluster_38419.1.54","Mrg17",62.9
"avgbs_cluster_38455.1.46","Mrg20",209.4
"avgbs_cluster_38467.1.14","Mrg24",23.1
"avgbs_cluster_38474.1.23","Mrg09",71.5
"avgbs_cluster_38474.1.31","Mrg09",71.5
"avgbs_cluster_3848.1.53","Mrg12",117.5
"avgbs_cluster_3848.1.63","Mrg12",117.5
"avgbs_cluster_38484.1.59","Mrg18",20.7
"avgbs_cluster_38496.1.33","Mrg03",9
"avgbs_cluster_38496.1.56","Mrg03",9
"avgbs_cluster_38514.1.37","Mrg06",57.2
"avgbs_cluster_38514.1.39","Mrg06",57.2
"avgbs_cluster_38514.1.61","Mrg06",57.2
"avgbs_cluster_38547.1.10","Mrg06",116
"avgbs_cluster_38547.1.64","Mrg06",116
"avgbs_cluster_38565.1.31","Mrg08",129.6
"avgbs_cluster_38597.1.32","Mrg20",120.1
"avgbs_cluster_38606.1.38","Mrg23",57
"avgbs_cluster_38614.1.34","Mrg05",58.7
"avgbs_cluster_38629.1.32","Mrg17",89.4
"avgbs_cluster_38629.1.49","Mrg17",89.4
"avgbs_cluster_38648.1.56","Mrg21",125.8
"avgbs_cluster_38648.1.64","Mrg21",125.8
"avgbs_cluster_38659.1.50","Mrg11",54
"avgbs_cluster_3866.1.21","Mrg04",51.7
"avgbs_cluster_3866.1.26","Mrg04",51.7
"avgbs_cluster_3866.1.45","Mrg04",51.7
"avgbs_cluster_38684.1.44","Mrg15",31.3
"avgbs_cluster_38719.1.45","Mrg12",40.9
"avgbs_cluster_38719.1.58","Mrg12",40.9
"avgbs_cluster_38771.1.30","Mrg17",63
"avgbs_cluster_38771.1.47","Mrg17",56.1
"avgbs_cluster_38809.1.26","Mrg21",27.3
"avgbs_cluster_38809.1.64","Mrg21",27.3
"avgbs_cluster_38815.1.23","Mrg33",42.9
"avgbs_cluster_38845.1.14","Mrg05",135.5
"avgbs_cluster_38858.1.44","Mrg23",19
"avgbs_cluster_38870.1.62","Mrg08",107.1
"avgbs_cluster_38872.1.18","Mrg09",44.7
"avgbs_cluster_38875.1.12","Mrg17",80
"avgbs_cluster_38875.1.27","Mrg17",80
"avgbs_cluster_38881.1.37","Mrg18",18.1
"avgbs_cluster_38899.1.25","Mrg08",147.3
"avgbs_cluster_38947.1.40","Mrg12",37.5
"avgbs_cluster_38951.1.21","Mrg12",17
"avgbs_cluster_38966.1.12","Mrg08",149.1
"avgbs_cluster_38966.1.57","Mrg08",125.3
"avgbs_cluster_38994.1.14","Mrg09",125.7
"avgbs_cluster_39005.1.23","Mrg24",61.1
"avgbs_cluster_39005.1.42","Mrg24",61.1
"avgbs_cluster_39075.1.20","Mrg24",89.4
"avgbs_cluster_39082.1.11","Mrg24",42.2
"avgbs_cluster_39105.1.17","Mrg09",129
"avgbs_cluster_39105.1.46","Mrg09",129
"avgbs_cluster_39107.1.55","Mrg03",42.7
"avgbs_cluster_39112.1.49","Mrg02",87.3
"avgbs_cluster_39123.1.51","Mrg17",66.1
"avgbs_cluster_39124.1.19","Mrg20",147.3
"avgbs_cluster_39124.1.28","Mrg20",147.3
"avgbs_cluster_39124.1.34","Mrg20",147.3
"avgbs_cluster_39127.1.21","Mrg23",81.5
"avgbs_cluster_39127.1.27","Mrg23",81.5
"avgbs_cluster_39127.1.31","Mrg23",81.5
"avgbs_cluster_39131.1.11","Mrg17",37.3
"avgbs_cluster_39131.1.26","Mrg17",37.3
"avgbs_cluster_39131.1.41","Mrg17",37.3
"avgbs_cluster_3914.1.8","Mrg03",45.7
"avgbs_cluster_39140.1.41","Mrg23",23.2
"avgbs_cluster_39144.1.26","Mrg24",5.4
"avgbs_cluster_39144.1.48","Mrg24",5.4
"avgbs_cluster_3916.1.22","Mrg28",59.2
"avgbs_cluster_3916.1.25","Mrg28",59.2
"avgbs_cluster_39164.1.38","Mrg21",126.2
"avgbs_cluster_39164.1.62","Mrg21",126.2
"avgbs_cluster_39187.1.15","Mrg11",9.8
"avgbs_cluster_39187.1.31","Mrg11",9.8
"avgbs_cluster_39191.1.57","Mrg02",85.2
"avgbs_cluster_3921.1.21","Mrg20",234.2
"avgbs_cluster_3921.1.45","Mrg20",234.2
"avgbs_cluster_39210.1.21","Mrg15",52.7
"avgbs_cluster_39212.1.35","Mrg09",22.5
"avgbs_cluster_39223.1.37","Mrg11",8.8
"avgbs_cluster_39223.1.8","Mrg11",8.8
"avgbs_cluster_39225.1.13","Mrg04",43.1
"avgbs_cluster_39230.1.39","Mrg01",110.2
"avgbs_cluster_3924.1.6","Mrg20",147.3
"avgbs_cluster_39240.1.30","Mrg13",108.5
"avgbs_cluster_39240.1.32","Mrg13",108.5
"avgbs_cluster_39240.1.47","Mrg13",108.5
"avgbs_cluster_39255.1.44","Mrg18",44
"avgbs_cluster_3927.1.10","Mrg19",68.3
"avgbs_cluster_39275.1.58","Mrg02",73.3
"avgbs_cluster_39296.1.31","Mrg17",78.9
"avgbs_cluster_39297.1.59","Mrg21",78.7
"avgbs_cluster_39297.1.61","Mrg21",78.7
"avgbs_cluster_39299.1.60","Mrg17",78
"avgbs_cluster_39300.1.46","Mrg15",85.8
"avgbs_cluster_39300.1.62","Mrg15",85.8
"avgbs_cluster_39301.1.37","Mrg19",59.2
"avgbs_cluster_39301.1.62","Mrg19",58.1
"avgbs_cluster_39318.1.49","Mrg21",82.1
"avgbs_cluster_39334.1.47","Mrg06",51.7
"avgbs_cluster_39334.1.64","Mrg06",51.7
"avgbs_cluster_39353.1.29","Mrg02",10.3
"avgbs_cluster_39360.1.45","Mrg24",41
"avgbs_cluster_3938.1.53","Mrg08",61.3
"avgbs_cluster_39397.1.54","Mrg04",44.7
"avgbs_cluster_394.1.56","Mrg11",21.9
"avgbs_cluster_39401.1.62","Mrg09",86.8
"avgbs_cluster_39401.1.63","Mrg09",86.8
"avgbs_cluster_39401.1.64","Mrg09",86.8
"avgbs_cluster_39410.1.13","Mrg02",87.3
"avgbs_cluster_39410.1.52","Mrg02",87.3
"avgbs_cluster_39412.1.64","Mrg23",36.6
"avgbs_cluster_3944.1.38","Mrg21",119.7
"avgbs_cluster_3944.2.34","Mrg09",132.7
"avgbs_cluster_39447.1.32","Mrg02",87.3
"avgbs_cluster_39447.1.33","Mrg02",87.3
"avgbs_cluster_39451.1.21","Mrg06",82.1
"avgbs_cluster_39451.1.39","Mrg06",82.1
"avgbs_cluster_39452.1.57","Mrg21",28.3
"avgbs_cluster_39452.1.8","Mrg21",28.3
"avgbs_cluster_39478.1.9","Mrg28",44.4
"avgbs_cluster_39492.1.40","Mrg01",117.4
"avgbs_cluster_39492.1.41","Mrg01",117.4
"avgbs_cluster_39493.1.32","Mrg12",55
"avgbs_cluster_39493.1.59","Mrg12",55
"avgbs_cluster_39498.1.63","Mrg11",22.4
"avgbs_cluster_39498.1.64","Mrg11",22.4
"avgbs_cluster_39505.1.41","Mrg15",53.7
"avgbs_cluster_39505.1.58","Mrg15",53.7
"avgbs_cluster_39519.1.38","Mrg03",56.4
"avgbs_cluster_39521.1.55","Mrg18",16.5
"avgbs_cluster_39529.1.16","Mrg09",50.9
"avgbs_cluster_39529.1.38","Mrg09",50.9
"avgbs_cluster_39529.1.58","Mrg09",50.9
"avgbs_cluster_39559.1.55","Mrg17",89.4
"avgbs_cluster_39571.1.25","Mrg03",40.3
"avgbs_cluster_39571.1.56","Mrg03",40.3
"avgbs_cluster_396.1.30","Mrg01",107.5
"avgbs_cluster_39612.1.36","Mrg15",52.7
"avgbs_cluster_39630.1.30","Mrg17",61.5
"avgbs_cluster_39648.1.35","Mrg02",87.3
"avgbs_cluster_39654.1.45","Mrg28",43.8
"avgbs_cluster_39665.1.37","Mrg28",36.8
"avgbs_cluster_39670.1.32","Mrg11",9.8
"avgbs_cluster_39689.1.27","Mrg15",91.9
"avgbs_cluster_39691.1.58","Mrg21",181.1
"avgbs_cluster_39697.1.29","Mrg15",60
"avgbs_cluster_39697.1.30","Mrg15",60
"avgbs_cluster_39699.1.16","Mrg17",92.5
"avgbs_cluster_39717.1.55","Mrg15",32.7
"avgbs_cluster_39746.1.59","Mrg21",190.4
"avgbs_cluster_39792.1.35","Mrg21",69.8
"avgbs_cluster_3981.1.37","Mrg20",230.1
"avgbs_cluster_3981.1.40","Mrg20",230.1
"avgbs_cluster_3981.1.50","Mrg20",230.1
"avgbs_cluster_39825.1.40","Mrg04",44.7
"avgbs_cluster_39825.1.44","Mrg04",44.7
"avgbs_cluster_39828.1.10","Mrg17",61.5
"avgbs_cluster_39834.1.21","Mrg05",98.7
"avgbs_cluster_39834.1.46","Mrg05",98.7
"avgbs_cluster_39862.1.14","Mrg17",92.5
"avgbs_cluster_39862.1.36","Mrg17",92.5
"avgbs_cluster_39863.1.23","Mrg28",43.8
"avgbs_cluster_39872.1.51","Mrg33",75.4
"avgbs_cluster_3989.1.46","Mrg12",17
"avgbs_cluster_39899.1.36","Mrg28",36.8
"avgbs_cluster_39915.2.48","Mrg24",41.8
"avgbs_cluster_39926.1.41","Mrg28",44.4
"avgbs_cluster_39926.1.51","Mrg28",44.4
"avgbs_cluster_39943.1.49","Mrg28",43.8
"avgbs_cluster_39944.1.51","Mrg21",122.8
"avgbs_cluster_39952.1.56","Mrg18",4.3
"avgbs_cluster_39964.1.39","Mrg17",78.9
"avgbs_cluster_39992.1.37","Mrg01",73.7
"avgbs_cluster_39992.1.46","Mrg01",73.7
"avgbs_cluster_39992.1.57","Mrg01",73.7
"avgbs_cluster_39996.1.20","Mrg18",27.7
"avgbs_cluster_40022.1.13","Mrg21",28.3
"avgbs_cluster_40023.1.48","Mrg17",94.7
"avgbs_cluster_40044.1.64","Mrg09",100.1
"avgbs_cluster_40053.1.54","Mrg15",80.7
"avgbs_cluster_40054.1.23","Mrg23",22.2
"avgbs_cluster_40070.1.36","Mrg09",109
"avgbs_cluster_40088.1.36","Mrg06",15.5
"avgbs_cluster_40100.1.22","Mrg33",51.9
"avgbs_cluster_40100.1.63","Mrg33",51.9
"avgbs_cluster_40105.1.46","Mrg23",57.8
"avgbs_cluster_40111.1.48","Mrg04",44.7
"avgbs_cluster_40123.1.45","Mrg21",140.1
"avgbs_cluster_40167.1.27","Mrg20",18
"avgbs_cluster_40179.1.54","Mrg03",53.4
"avgbs_cluster_40185.1.22","Mrg21",211.9
"avgbs_cluster_40185.1.26","Mrg21",207.8
"avgbs_cluster_40188.1.64","Mrg33",75.4
"avgbs_cluster_40190.1.25","Mrg19",68
"avgbs_cluster_40198.1.45","Mrg23",62.1
"avgbs_cluster_40215.1.28","Mrg06",67.6
"avgbs_cluster_4023.1.23","Mrg20",185.4
"avgbs_cluster_4023.1.63","Mrg20",185.4
"avgbs_cluster_40233.1.24","Mrg20",21.5
"avgbs_cluster_4026.1.55","Mrg02",87.3
"avgbs_cluster_4026.1.63","Mrg02",87.3
"avgbs_cluster_40264.1.16","Mrg20",135.8
"avgbs_cluster_40264.1.64","Mrg20",135.8
"avgbs_cluster_40270.1.42","Mrg28",81.7
"avgbs_cluster_40278.1.47","Mrg28",59.2
"avgbs_cluster_40301.1.23","Mrg19",75.2
"avgbs_cluster_40321.1.20","Mrg17",68.4
"avgbs_cluster_40327.1.22","Mrg08",129.6
"avgbs_cluster_40327.1.64","Mrg08",129.6
"avgbs_cluster_40347.1.25","Mrg01",83.9
"avgbs_cluster_40347.1.32","Mrg01",83.9
"avgbs_cluster_40347.1.36","Mrg01",83.9
"avgbs_cluster_40387.1.38","Mrg02",23.2
"avgbs_cluster_40390.1.12","Mrg21",28.3
"avgbs_cluster_40412.2.49","Mrg01",51.9
"avgbs_cluster_40420.1.14","Mrg24",78.6
"avgbs_cluster_40421.1.40","Mrg02",87.3
"avgbs_cluster_40422.1.63","Mrg20",90.9
"avgbs_cluster_40422.1.64","Mrg20",90.9
"avgbs_cluster_40448.1.62","Mrg11",32.4
"avgbs_cluster_40459.1.15","Mrg08",81.5
"avgbs_cluster_40459.2.53","Mrg33",65
"avgbs_cluster_40490.1.63","Mrg03",37.1
"avgbs_cluster_40502.1.27","Mrg09",91.9
"avgbs_cluster_40504.1.32","Mrg04",20.9
"avgbs_cluster_40514.1.61","Mrg24",60.2
"avgbs_cluster_40514.1.62","Mrg24",60.2
"avgbs_cluster_40516.1.42","Mrg18",27.7
"avgbs_cluster_40516.1.43","Mrg18",27.7
"avgbs_cluster_40520.1.11","Mrg23",62.8
"avgbs_cluster_40525.1.54","Mrg03",44.5
"avgbs_cluster_40525.1.61","Mrg03",44.5
"avgbs_cluster_40531.1.11","Mrg06",45.2
"avgbs_cluster_40531.1.47","Mrg06",45.2
"avgbs_cluster_40554.1.27","Mrg33",64
"avgbs_cluster_40554.1.33","Mrg33",64
"avgbs_cluster_40554.1.36","Mrg33",64
"avgbs_cluster_40564.1.53","Mrg15",72.9
"avgbs_cluster_40566.1.53","Mrg15",35.1
"avgbs_cluster_40577.1.24","Mrg12",40.2
"avgbs_cluster_40577.1.26","Mrg12",40.2
"avgbs_cluster_40580.1.29","Mrg11",108.7
"avgbs_cluster_40580.1.42","Mrg11",108.7
"avgbs_cluster_40583.1.48","Mrg24",41.8
"avgbs_cluster_40592.1.14","Mrg21",146
"avgbs_cluster_40592.1.17","Mrg21",146
"avgbs_cluster_40592.1.64","Mrg21",146
"avgbs_cluster_40596.1.53","Mrg21",172
"avgbs_cluster_40606.1.12","Mrg17",37.3
"avgbs_cluster_40607.1.11","Mrg09",130.4
"avgbs_cluster_40607.1.40","Mrg09",132.2
"avgbs_cluster_40619.1.50","Mrg03",61.8
"avgbs_cluster_40627.1.51","Mrg17",78.9
"avgbs_cluster_40637.1.58","Mrg01",80.9
"avgbs_cluster_40637.1.59","Mrg01",80.9
"avgbs_cluster_40643.1.23","Mrg01",41.2
"avgbs_cluster_40647.1.36","Mrg18",43.2
"avgbs_cluster_40656.1.12","Mrg24",22.9
"avgbs_cluster_40656.1.23","Mrg24",22.9
"avgbs_cluster_40656.1.44","Mrg24",22.9
"avgbs_cluster_40667.1.46","Mrg03",40.9
"avgbs_cluster_40668.1.46","Mrg02",85.4
"avgbs_cluster_40679.1.13","Mrg24",95.3
"avgbs_cluster_40679.1.42","Mrg24",95.3
"avgbs_cluster_40679.1.47","Mrg24",95.3
"avgbs_cluster_40685.1.30","Mrg15",32.7
"avgbs_cluster_40685.1.56","Mrg15",32.7
"avgbs_cluster_40701.1.9","Mrg20",16.2
"avgbs_cluster_40705.1.23","Mrg05",114.1
"avgbs_cluster_40705.1.29","Mrg05",114.1
"avgbs_cluster_40711.1.26","Mrg15",88.2
"avgbs_cluster_40711.1.29","Mrg15",88.2
"avgbs_cluster_40712.1.47","Mrg20",120.1
"avgbs_cluster_40712.1.52","Mrg20",120.1
"avgbs_cluster_40712.1.57","Mrg20",120.1
"avgbs_cluster_40715.1.22","Mrg01",57.2
"avgbs_cluster_40726.1.12","Mrg13",39.4
"avgbs_cluster_40726.1.22","Mrg13",39.4
"avgbs_cluster_40756.1.47","Mrg08",99.6
"avgbs_cluster_40765.1.58","Mrg12",35.3
"avgbs_cluster_40765.1.59","Mrg12",35.3
"avgbs_cluster_40766.1.54","Mrg02",16.6
"avgbs_cluster_40785.1.32","Mrg28",81.4
"avgbs_cluster_40809.1.50","Mrg06",51.7
"avgbs_cluster_40817.1.18","Mrg15",21.4
"avgbs_cluster_40817.1.40","Mrg15",21.4
"avgbs_cluster_40839.1.21","Mrg24",44
"avgbs_cluster_40839.1.27","Mrg24",44
"avgbs_cluster_40848.1.24","Mrg01",50.7
"avgbs_cluster_40848.1.28","Mrg01",50.7
"avgbs_cluster_40850.1.31","Mrg05",101.7
"avgbs_cluster_40850.1.62","Mrg05",101.7
"avgbs_cluster_40851.1.37","Mrg09",121.6
"avgbs_cluster_40873.1.48","Mrg15",26.4
"avgbs_cluster_40874.1.33","Mrg12",71
"avgbs_cluster_4088.1.64","Mrg02",23.2
"avgbs_cluster_40880.1.47","Mrg15",33.5
"avgbs_cluster_40886.1.22","Mrg20",226.6
"avgbs_cluster_40891.1.60","Mrg21",167.7
"avgbs_cluster_40894.1.33","Mrg20",147.3
"avgbs_cluster_40895.1.43","Mrg18",67.7
"avgbs_cluster_40898.1.19","Mrg09",50.9
"avgbs_cluster_40898.1.42","Mrg09",50.9
"avgbs_cluster_40900.1.58","Mrg17",85.3
"avgbs_cluster_40904.1.50","Mrg05",57.9
"avgbs_cluster_4093.1.11","Mrg06",51.3
"avgbs_cluster_4093.1.28","Mrg06",51.3
"avgbs_cluster_40934.1.44","Mrg20",193.1
"avgbs_cluster_4096.1.21","Mrg03",75.8
"avgbs_cluster_40964.1.25","Mrg01",110.8
"avgbs_cluster_41005.1.48","Mrg13",36.7
"avgbs_cluster_41031.1.11","Mrg21",203.4
"avgbs_cluster_41054.1.35","Mrg05",56.5
"avgbs_cluster_41054.1.41","Mrg05",56.5
"avgbs_cluster_41063.1.18","Mrg13",35.9
"avgbs_cluster_41070.1.18","Mrg17",32.2
"avgbs_cluster_41070.1.22","Mrg17",32.2
"avgbs_cluster_41088.1.47","Mrg12",26.4
"avgbs_cluster_41088.1.48","Mrg12",26.4
"avgbs_cluster_41093.1.21","Mrg20",152.8
"avgbs_cluster_41093.1.36","Mrg20",152.8
"avgbs_cluster_41101.1.29","Mrg33",24.1
"avgbs_cluster_41102.1.44","Mrg01",108.4
"avgbs_cluster_41106.1.52","Mrg15",33
"avgbs_cluster_41118.2.54","Mrg28",43.8
"avgbs_cluster_41129.1.57","Mrg18",7.9
"avgbs_cluster_41133.1.45","Mrg23",73.4
"avgbs_cluster_41133.1.57","Mrg23",62
"avgbs_cluster_4114.1.48","Mrg23",110.6
"avgbs_cluster_4114.1.55","Mrg23",110.6
"avgbs_cluster_41145.1.60","Mrg17",32.8
"avgbs_cluster_41159.1.35","Mrg19",66.8
"avgbs_cluster_41229.1.63","Mrg06",57.6
"avgbs_cluster_41272.1.16","Mrg05",147.6
"avgbs_cluster_4128.1.9","Mrg20",185.4
"avgbs_cluster_41332.1.57","Mrg15",21.4
"avgbs_cluster_4138.1.6","Mrg15",32.7
"avgbs_cluster_41479.1.57","Mrg13",114.6
"avgbs_cluster_4153.1.39","Mrg01",70.8
"avgbs_cluster_4160.1.30","Mrg20",26.6
"avgbs_cluster_4161.1.64","Mrg15",50.3
"avgbs_cluster_41618.1.54","Mrg01",110.2
"avgbs_cluster_4164.1.45","Mrg24",60.2
"avgbs_cluster_4167.1.6","Mrg03",129.9
"avgbs_cluster_4180.1.57","Mrg24",85.6
"avgbs_cluster_41917.1.12","Mrg15",82
"avgbs_cluster_41917.2.11","Mrg24",95.3
"avgbs_cluster_4199.1.22","Mrg20",205.4
"avgbs_cluster_4207.1.47","Mrg11",22.4
"avgbs_cluster_42082.1.23","Mrg21",122.6
"avgbs_cluster_4216.1.62","Mrg18",68.4
"avgbs_cluster_42166.1.49","Mrg05",111.3
"avgbs_cluster_4229.1.58","Mrg03",20.3
"avgbs_cluster_4261.1.43","Mrg21",207.6
"avgbs_cluster_4261.1.45","Mrg21",207.6
"avgbs_cluster_42683.1.64","Mrg17",75.6
"avgbs_cluster_42865.1.44","Mrg15",33.6
"avgbs_cluster_4292.1.29","Mrg06",67.6
"avgbs_cluster_4292.1.36","Mrg06",67.6
"avgbs_cluster_42948.1.56","Mrg21",122.8
"avgbs_cluster_4299.1.43","Mrg03",44.6
"avgbs_cluster_4299.1.46","Mrg03",44.6
"avgbs_cluster_4302.1.25","Mrg33",95.8
"avgbs_cluster_4302.1.55","Mrg33",95.8
"avgbs_cluster_43025.1.51","Mrg04",3.1
"avgbs_cluster_43278.1.29","Mrg17",63.1
"avgbs_cluster_43289.1.57","Mrg17",62.2
"avgbs_cluster_4331.1.25","Mrg06",70.5
"avgbs_cluster_43324.1.36","Mrg01",84.2
"avgbs_cluster_4340.1.24","Mrg24",5.4
"avgbs_cluster_4340.1.56","Mrg24",5.4
"avgbs_cluster_43433.1.13","Mrg21",119.7
"avgbs_cluster_4347.1.61","Mrg11",28.6
"avgbs_cluster_4347.1.62","Mrg11",28.6
"avgbs_cluster_4347.1.64","Mrg11",28.6
"avgbs_cluster_43543.1.50","Mrg06",116
"avgbs_cluster_43574.1.49","Mrg02",8.6
"avgbs_cluster_43668.1.44","Mrg24",57.4
"avgbs_cluster_4367.1.15","Mrg03",50.5
"avgbs_cluster_4373.1.20","Mrg19",70.1
"avgbs_cluster_4383.1.40","Mrg08",143.7
"avgbs_cluster_4383.1.48","Mrg08",143.7
"avgbs_cluster_43845.1.13","Mrg20",226.6
"avgbs_cluster_43850.1.22","Mrg09",123.6
"avgbs_cluster_43901.1.23","Mrg08",149.2
"avgbs_cluster_43932.1.23","Mrg12",46.3
"avgbs_cluster_43944.1.47","Mrg18",18.1
"avgbs_cluster_4396.1.42","Mrg28",56.7
"avgbs_cluster_4396.1.56","Mrg28",56.7
"avgbs_cluster_4407.1.25","Mrg01",6.1
"avgbs_cluster_4407.1.27","Mrg01",6.1
"avgbs_cluster_4457.1.11","Mrg17",66.1
"avgbs_cluster_4457.1.20","Mrg17",66.1
"avgbs_cluster_44584.1.49","Mrg18",68.2
"avgbs_cluster_44584.1.52","Mrg18",68.2
"avgbs_cluster_44584.1.64","Mrg18",68.2
"avgbs_cluster_4478.1.31","Mrg15",50.3
"avgbs_cluster_4478.1.59","Mrg15",50.3
"avgbs_cluster_4486.1.32","Mrg11",87.6
"avgbs_cluster_44941.1.41","Mrg33",59
"avgbs_cluster_4495.1.17","Mrg17",100.7
"avgbs_cluster_4495.1.40","Mrg17",100.7
"avgbs_cluster_45.1.14","Mrg09",42.6
"avgbs_cluster_45130.1.14","Mrg06",67.6
"avgbs_cluster_45130.1.53","Mrg06",67.6
"avgbs_cluster_4522.1.29","Mrg18",43.9
"avgbs_cluster_453.1.20","Mrg17",78.9
"avgbs_cluster_453.1.53","Mrg17",78.9
"avgbs_cluster_455.1.35","Mrg28",103.7
"avgbs_cluster_45501.1.30","Mrg20",120.1
"avgbs_cluster_45501.1.40","Mrg20",120.1
"avgbs_cluster_4554.1.9","Mrg06",99.1
"avgbs_cluster_4560.1.63","Mrg04",32.7
"avgbs_cluster_45709.1.12","Mrg01",114.4
"avgbs_cluster_45709.1.15","Mrg01",114.4
"avgbs_cluster_4589.1.11","Mrg01",76.6
"avgbs_cluster_4589.1.53","Mrg01",76.6
"avgbs_cluster_4623.1.17","Mrg28",57.1
"avgbs_cluster_4623.1.53","Mrg28",57.1
"avgbs_cluster_466.1.62","Mrg02",87.3
"avgbs_cluster_466.1.63","Mrg02",87.3
"avgbs_cluster_467.1.14","Mrg09",86.8
"avgbs_cluster_467.1.9","Mrg09",89.9
"avgbs_cluster_4680.1.42","Mrg12",56.7
"avgbs_cluster_47115.1.23","Mrg20",185.4
"avgbs_cluster_47115.1.47","Mrg20",185.4
"avgbs_cluster_47351.1.18","Mrg06",61.9
"avgbs_cluster_47351.1.58","Mrg06",61.9
"avgbs_cluster_47784.1.45","Mrg33",73.4
"avgbs_cluster_4784.1.44","Mrg20",99.8
"avgbs_cluster_4784.1.58","Mrg20",99.8
"avgbs_cluster_47855.1.14","Mrg20",226.6
"avgbs_cluster_47855.1.35","Mrg20",226.6
"avgbs_cluster_4786.1.6","Mrg06",51.7
"avgbs_cluster_4786.1.9","Mrg06",63.2
"avgbs_cluster_4789.1.60","Mrg01",50.1
"avgbs_cluster_4790.1.11","Mrg19",66.8
"avgbs_cluster_47911.1.41","Mrg24",26.6
"avgbs_cluster_47911.1.47","Mrg24",26.6
"avgbs_cluster_47911.1.61","Mrg24",26.6
"avgbs_cluster_4792.1.57","Mrg02",87.3
"avgbs_cluster_47988.1.14","Mrg21",28.3
"avgbs_cluster_47988.1.21","Mrg21",28.3
"avgbs_cluster_4802.1.21","Mrg17",39.7
"avgbs_cluster_4802.1.40","Mrg17",39.7
"avgbs_cluster_4803.1.58","Mrg12",21.1
"avgbs_cluster_48068.1.15","Mrg24",80.4
"avgbs_cluster_48068.1.24","Mrg24",80.4
"avgbs_cluster_48092.1.22","Mrg04",37.9
"avgbs_cluster_48092.1.61","Mrg04",37.9
"avgbs_cluster_48102.1.21","Mrg12",35.4
"avgbs_cluster_48102.1.64","Mrg12",35.4
"avgbs_cluster_4828.1.18","Mrg13",74.1
"avgbs_cluster_4828.1.22","Mrg13",74.1
"avgbs_cluster_4828.1.27","Mrg13",74.1
"avgbs_cluster_4829.1.11","Mrg11",9.8
"avgbs_cluster_4829.1.6","Mrg11",9.8
"avgbs_cluster_48375.1.8","Mrg17",87
"avgbs_cluster_4841.1.50","Mrg03",40.3
"avgbs_cluster_4852.1.47","Mrg03",20
"avgbs_cluster_4856.1.64","Mrg13",96.7
"avgbs_cluster_4868.1.55","Mrg15",49.5
"avgbs_cluster_4877.1.43","Mrg05",114.7
"avgbs_cluster_4878.1.32","Mrg03",11.9
"avgbs_cluster_4879.1.11","Mrg09",86.8
"avgbs_cluster_4879.1.61","Mrg09",86.8
"avgbs_cluster_488.1.27","Mrg18",16.5
"avgbs_cluster_488.1.42","Mrg18",16.5
"avgbs_cluster_4893.1.11","Mrg24",36.3
"avgbs_cluster_4893.1.37","Mrg24",36.3
"avgbs_cluster_4893.1.38","Mrg24",36.3
"avgbs_cluster_4896.1.14","Mrg24",37.3
"avgbs_cluster_4896.1.61","Mrg24",37.3
"avgbs_cluster_49047.1.10","Mrg01",109
"avgbs_cluster_49047.1.31","Mrg01",109
"avgbs_cluster_4907.1.64","Mrg03",6.8
"avgbs_cluster_492.1.30","Mrg20",230.1
"avgbs_cluster_492.1.59","Mrg20",230.1
"avgbs_cluster_4926.1.15","Mrg28",61.4
"avgbs_cluster_4926.1.37","Mrg28",61.4
"avgbs_cluster_4926.1.51","Mrg28",61.4
"avgbs_cluster_49655.1.33","Mrg05",57.3
"avgbs_cluster_49655.1.60","Mrg05",57.3
"avgbs_cluster_4979.1.54","Mrg15",82.3
"avgbs_cluster_49790.2.11","Mrg08",142
"avgbs_cluster_49790.2.62","Mrg08",142
"avgbs_cluster_49790.2.64","Mrg08",142
"avgbs_cluster_4986.1.49","Mrg11",52.8
"avgbs_cluster_49901.1.43","Mrg01",83.9
"avgbs_cluster_49901.1.59","Mrg01",83.9
"avgbs_cluster_5009.1.25","Mrg28",30.1
"avgbs_cluster_5009.1.55","Mrg28",30.1
"avgbs_cluster_50109.1.43","Mrg02",27.2
"avgbs_cluster_50109.1.45","Mrg02",27.2
"avgbs_cluster_5018.1.50","Mrg09",103.8
"avgbs_cluster_50181.1.47","Mrg33",59.4
"avgbs_cluster_50181.1.64","Mrg33",59.4
"avgbs_cluster_5029.1.52","Mrg02",87.3
"avgbs_cluster_5031.1.46","Mrg01",80.9
"avgbs_cluster_5031.1.47","Mrg01",80.9
"avgbs_cluster_5032.1.40","Mrg06",116
"avgbs_cluster_5032.1.60","Mrg06",116
"avgbs_cluster_5056.1.37","Mrg03",40.3
"avgbs_cluster_5056.1.8","Mrg03",40.3
"avgbs_cluster_506.1.10","Mrg21",125.8
"avgbs_cluster_506.1.64","Mrg21",125.8
"avgbs_cluster_506.1.8","Mrg21",125.8
"avgbs_cluster_5088.1.33","Mrg05",57.9
"avgbs_cluster_5099.1.14","Mrg11",21.4
"avgbs_cluster_5099.1.31","Mrg11",21.4
"avgbs_cluster_5099.1.34","Mrg11",21.4
"avgbs_cluster_5100.1.45","Mrg01",52.4
"avgbs_cluster_51068.1.30","Mrg12",53.5
"avgbs_cluster_51068.1.58","Mrg12",53.5
"avgbs_cluster_5116.1.31","Mrg05",82.1
"avgbs_cluster_5116.1.54","Mrg05",82.1
"avgbs_cluster_51174.1.27","Mrg09",44.7
"avgbs_cluster_51174.1.28","Mrg09",44.7
"avgbs_cluster_5142.1.24","Mrg15",20.6
"avgbs_cluster_5157.1.48","Mrg21",123.5
"avgbs_cluster_51705.1.51","Mrg28",43.8
"avgbs_cluster_51774.1.33","Mrg05",100.6
"avgbs_cluster_51774.1.35","Mrg05",100.6
"avgbs_cluster_5191.1.13","Mrg24",41.8
"avgbs_cluster_51932.1.43","Mrg09",20.8
"avgbs_cluster_51932.1.61","Mrg09",20.8
"avgbs_cluster_51961.1.17","Mrg33",27.1
"avgbs_cluster_51961.1.31","Mrg33",27.1
"avgbs_cluster_5213.1.48","Mrg13",108.5
"avgbs_cluster_5213.1.53","Mrg13",108.5
"avgbs_cluster_5213.1.60","Mrg13",108.5
"avgbs_cluster_52324.1.21","Mrg33",73.4
"avgbs_cluster_52324.1.24","Mrg33",73.4
"avgbs_cluster_5247.1.17","Mrg33",64
"avgbs_cluster_5247.1.25","Mrg33",64
"avgbs_cluster_52480.1.22","Mrg01",50.7
"avgbs_cluster_52480.1.8","Mrg01",50.7
"avgbs_cluster_52666.1.49","Mrg06",51.7
"avgbs_cluster_52666.1.57","Mrg06",51.7
"avgbs_cluster_5272.1.62","Mrg18",10.9
"avgbs_cluster_52720.1.64","Mrg24",62.3
"avgbs_cluster_52720.1.8","Mrg24",62.3
"avgbs_cluster_5292.1.46","Mrg13",73.6
"avgbs_cluster_5304.1.25","Mrg03",82.8
"avgbs_cluster_5308.1.36","Mrg11",48.8
"avgbs_cluster_53251.1.24","Mrg08",86.2
"avgbs_cluster_5326.1.29","Mrg09",46
"avgbs_cluster_5356.1.41","Mrg23",25.3
"avgbs_cluster_5366.1.14","Mrg18",40
"avgbs_cluster_5366.1.55","Mrg18",40
"avgbs_cluster_538.1.44","Mrg03",46.3
"avgbs_cluster_5381.1.62","Mrg24",37.6
"avgbs_cluster_5381.1.64","Mrg24",37.6
"avgbs_cluster_53908.1.18","Mrg21",172
"avgbs_cluster_53908.1.36","Mrg21",172
"avgbs_cluster_53908.1.42","Mrg21",172
"avgbs_cluster_54.1.58","Mrg01",101.9
"avgbs_cluster_540.1.51","Mrg15",19.4
"avgbs_cluster_540.1.54","Mrg15",19.4
"avgbs_cluster_54094.1.31","Mrg21",176.2
"avgbs_cluster_5443.1.20","Mrg03",25
"avgbs_cluster_5443.1.55","Mrg03",25
"avgbs_cluster_5461.1.58","Mrg17",37.3
"avgbs_cluster_5461.1.61","Mrg17",37.3
"avgbs_cluster_5464.1.22","Mrg11",65.9
"avgbs_cluster_5464.1.6","Mrg11",65.9
"avgbs_cluster_5467.1.37","Mrg09",111.4
"avgbs_cluster_5489.1.11","Mrg13",96.7
"avgbs_cluster_5489.1.41","Mrg13",96.7
"avgbs_cluster_55.1.59","Mrg21",210.5
"avgbs_cluster_5508.1.15","Mrg01",73.5
"avgbs_cluster_5508.1.29","Mrg01",74.8
"avgbs_cluster_5509.1.17","Mrg21",140.1
"avgbs_cluster_5522.1.29","Mrg08",149.2
"avgbs_cluster_5522.1.36","Mrg08",149.2
"avgbs_cluster_5522.1.49","Mrg08",149.2
"avgbs_cluster_568.1.24","Mrg21",156
"avgbs_cluster_568.1.6","Mrg21",156
"avgbs_cluster_5693.1.54","Mrg03",47.7
"avgbs_cluster_5721.1.59","Mrg24",24.7
"avgbs_cluster_5721.1.62","Mrg24",24.7
"avgbs_cluster_5721.1.63","Mrg24",24.7
"avgbs_cluster_5728.1.64","Mrg21",162.2
"avgbs_cluster_5740.1.60","Mrg03",91.8
"avgbs_cluster_5753.1.39","Mrg03",82.8
"avgbs_cluster_5753.1.44","Mrg03",82.8
"avgbs_cluster_5785.1.48","Mrg05",57.3
"avgbs_cluster_57940.1.11","Mrg08",129.6
"avgbs_cluster_57940.1.41","Mrg08",129.6
"avgbs_cluster_5816.1.23","Mrg05",125.1
"avgbs_cluster_5816.1.41","Mrg05",125.1
"avgbs_cluster_5816.1.43","Mrg05",125.1
"avgbs_cluster_5829.1.37","Mrg13",105.2
"avgbs_cluster_5829.1.62","Mrg13",105.2
"avgbs_cluster_584.1.51","Mrg08",122.2
"avgbs_cluster_5841.1.63","Mrg28",44.4
"avgbs_cluster_5841.1.64","Mrg28",44.4
"avgbs_cluster_58448.1.45","Mrg08",123.6
"avgbs_cluster_58448.1.53","Mrg08",123.6
"avgbs_cluster_58448.1.57","Mrg08",123.6
"avgbs_cluster_5870.1.25","Mrg03",28.8
"avgbs_cluster_5925.1.21","Mrg15",21.4
"avgbs_cluster_59336.1.21","Mrg21",167.7
"avgbs_cluster_59336.1.37","Mrg21",167.7
"avgbs_cluster_59336.1.43","Mrg21",167.7
"avgbs_cluster_5934.1.41","Mrg17",78.9
"avgbs_cluster_5952.1.18","Mrg15",88.2
"avgbs_cluster_5952.1.29","Mrg15",88.2
"avgbs_cluster_5964.1.45","Mrg09",15.5
"avgbs_cluster_598.1.35","Mrg20",16.6
"avgbs_cluster_598.1.61","Mrg20",16.6
"avgbs_cluster_6015.1.27","Mrg05",93
"avgbs_cluster_6015.1.49","Mrg05",93
"avgbs_cluster_60301.1.38","Mrg02",87.3
"avgbs_cluster_60301.1.56","Mrg02",87.3
"avgbs_cluster_6058.1.64","Mrg19",70.1
"avgbs_cluster_608.1.45","Mrg23",57.8
"avgbs_cluster_6081.1.60","Mrg17",68.3
"avgbs_cluster_6121.1.45","Mrg05",135.5
"avgbs_cluster_6122.1.61","Mrg33",91.5
"avgbs_cluster_6126.1.12","Mrg20",135.8
"avgbs_cluster_6126.1.47","Mrg20",135.8
"avgbs_cluster_6140.1.31","Mrg12",35.4
"avgbs_cluster_6140.1.54","Mrg12",35.4
"avgbs_cluster_6159.1.50","Mrg12",35.3
"avgbs_cluster_6179.1.50","Mrg05",56.5
"avgbs_cluster_6197.1.28","Mrg01",108.4
"avgbs_cluster_62.1.60","Mrg05",135.5
"avgbs_cluster_6203.1.51","Mrg20",216.6
"avgbs_cluster_6203.1.60","Mrg20",216.6
"avgbs_cluster_6219.1.34","Mrg21",199.1
"avgbs_cluster_6219.1.57","Mrg21",199.1
"avgbs_cluster_6219.1.62","Mrg21",199.1
"avgbs_cluster_6222.1.33","Mrg06",18.8
"avgbs_cluster_6246.1.36","Mrg17",100.7
"avgbs_cluster_6248.1.55","Mrg18",20.5
"avgbs_cluster_62564.1.34","Mrg24",78.6
"avgbs_cluster_62809.1.62","Mrg05",96.7
"avgbs_cluster_62809.1.63","Mrg05",96.7
"avgbs_cluster_62809.1.64","Mrg05",96.7
"avgbs_cluster_6292.1.41","Mrg18",34.4
"avgbs_cluster_6299.1.25","Mrg13",96.7
"avgbs_cluster_6299.1.45","Mrg13",96.7
"avgbs_cluster_6307.1.32","Mrg04",44.7
"avgbs_cluster_6307.2.16","Mrg05",56.5
"avgbs_cluster_6313.1.19","Mrg08",133.3
"avgbs_cluster_6313.1.52","Mrg08",133.3
"avgbs_cluster_6313.1.59","Mrg08",133.3
"avgbs_cluster_6340.1.12","Mrg11",7.4
"avgbs_cluster_6357.1.38","Mrg33",58.2
"avgbs_cluster_636.1.56","Mrg11",3.7
"avgbs_cluster_643.1.17","Mrg24",38.7
"avgbs_cluster_643.1.22","Mrg24",38.7
"avgbs_cluster_6432.1.62","Mrg08",62.4
"avgbs_cluster_64331.1.60","Mrg04",32.7
"avgbs_cluster_6447.1.14","Mrg23",23.2
"avgbs_cluster_6447.1.37","Mrg23",23.2
"avgbs_cluster_6448.1.49","Mrg01",71.9
"avgbs_cluster_6459.1.42","Mrg08",109
"avgbs_cluster_6467.1.57","Mrg01",57.2
"avgbs_cluster_6498.1.24","Mrg15",35.1
"avgbs_cluster_650.1.11","Mrg09",86.1
"avgbs_cluster_6509.1.62","Mrg08",121.2
"avgbs_cluster_6513.1.48","Mrg01",114.4
"avgbs_cluster_6522.1.24","Mrg08",62.4
"avgbs_cluster_6522.1.52","Mrg08",62.4
"avgbs_cluster_6528.1.57","Mrg11",22.3
"avgbs_cluster_65411.1.30","Mrg05",130.9
"avgbs_cluster_65411.1.38","Mrg05",130.9
"avgbs_cluster_65411.1.49","Mrg05",130.9
"avgbs_cluster_65411.1.54","Mrg05",130.9
"avgbs_cluster_65411.1.7","Mrg05",130.9
"avgbs_cluster_6548.1.30","Mrg17",95.4
"avgbs_cluster_6548.1.33","Mrg17",95.4
"avgbs_cluster_6554.1.10","Mrg19",75.2
"avgbs_cluster_656.1.59","Mrg06",67.6
"avgbs_cluster_656.1.8","Mrg06",67.6
"avgbs_cluster_6563.1.17","Mrg01",83.9
"avgbs_cluster_6563.1.26","Mrg01",83.9
"avgbs_cluster_658.1.46","Mrg05",130.9
"avgbs_cluster_658.1.47","Mrg05",130.9
"avgbs_cluster_66.1.51","Mrg21",140.1
"avgbs_cluster_6600.1.27","Mrg06",37.4
"avgbs_cluster_6600.1.6","Mrg06",37.4
"avgbs_cluster_6615.1.24","Mrg08",71.1
"avgbs_cluster_6626.1.33","Mrg17",56.5
"avgbs_cluster_6654.1.13","Mrg23",28.5
"avgbs_cluster_66637.1.26","Mrg19",7.7
"avgbs_cluster_66637.1.38","Mrg19",7.7
"avgbs_cluster_66722.1.38","Mrg18",69
"avgbs_cluster_6674.1.19","Mrg03",58.3
"avgbs_cluster_6674.1.20","Mrg03",56.2
"avgbs_cluster_6676.1.28","Mrg09",16.3
"avgbs_cluster_6677.1.31","Mrg01",108.4
"avgbs_cluster_6677.1.6","Mrg01",108.4
"avgbs_cluster_6710.1.14","Mrg19",-3.3
"avgbs_cluster_6710.1.15","Mrg19",-3.3
"avgbs_cluster_6719.1.19","Mrg20",18
"avgbs_cluster_6720.1.37","Mrg02",30
"avgbs_cluster_6720.1.64","Mrg02",30
"avgbs_cluster_6732.1.14","Mrg20",238.2
"avgbs_cluster_6732.1.56","Mrg20",238.2
"avgbs_cluster_67354.1.29","Mrg28",35.9
"avgbs_cluster_67454.1.12","Mrg12",40.9
"avgbs_cluster_67454.1.32","Mrg12",40.9
"avgbs_cluster_67454.2.12","Mrg02",34.1
"avgbs_cluster_67454.2.48","Mrg02",34.1
"avgbs_cluster_67454.2.6","Mrg02",34.1
"avgbs_cluster_6753.1.62","Mrg17",87.8
"avgbs_cluster_6755.1.59","Mrg01",68.8
"avgbs_cluster_6756.1.6","Mrg24",60.2
"avgbs_cluster_6762.1.39","Mrg01",27.9
"avgbs_cluster_6762.1.42","Mrg01",27.9
"avgbs_cluster_6764.1.38","Mrg20",204.9
"avgbs_cluster_6764.1.56","Mrg20",204.9
"avgbs_cluster_6764.1.59","Mrg20",204.9
"avgbs_cluster_6778.1.62","Mrg09",48.2
"avgbs_cluster_67802.1.31","Mrg21",164.7
"avgbs_cluster_67802.1.38","Mrg21",164.7
"avgbs_cluster_67837.1.30","Mrg11",25.1
"avgbs_cluster_67837.1.40","Mrg11",25.1
"avgbs_cluster_67837.1.58","Mrg11",25.1
"avgbs_cluster_67921.1.23","Mrg12",71.8
"avgbs_cluster_67921.1.38","Mrg12",71.8
"avgbs_cluster_67921.1.6","Mrg12",71.8
"avgbs_cluster_6795.1.43","Mrg24",61.1
"avgbs_cluster_6795.1.56","Mrg24",61.1
"avgbs_cluster_6837.1.12","Mrg06",51.7
"avgbs_cluster_6837.1.21","Mrg06",51.7
"avgbs_cluster_6899.1.20","Mrg12",84.7
"avgbs_cluster_6930.1.26","Mrg05",82.4
"avgbs_cluster_6970.1.16","Mrg11",68.1
"avgbs_cluster_6973.1.24","Mrg24",23.1
"avgbs_cluster_6973.1.57","Mrg24",23.1
"avgbs_cluster_6980.1.11","Mrg19",49.8
"avgbs_cluster_7006.1.31","Mrg09",116.2
"avgbs_cluster_7006.1.53","Mrg09",116.2
"avgbs_cluster_7011.1.64","Mrg15",32.7
"avgbs_cluster_7015.1.27","Mrg33",34
"avgbs_cluster_7015.1.57","Mrg33",41.8
"avgbs_cluster_7031.1.37","Mrg33",65
"avgbs_cluster_7055.1.23","Mrg03",16.3
"avgbs_cluster_7061.1.59","Mrg12",41.5
"avgbs_cluster_7064.1.17","Mrg17",100.7
"avgbs_cluster_7064.1.22","Mrg17",100.7
"avgbs_cluster_7064.1.6","Mrg17",100.7
"avgbs_cluster_7079.1.12","Mrg05",135.5
"avgbs_cluster_7079.1.24","Mrg05",135.5
"avgbs_cluster_7079.1.27","Mrg11",6.7
"avgbs_cluster_7095.1.60","Mrg21",205.3
"avgbs_cluster_7095.1.61","Mrg21",205.3
"avgbs_cluster_7095.1.63","Mrg21",205.3
"avgbs_cluster_7106.1.11","Mrg19",47.2
"avgbs_cluster_7106.1.19","Mrg19",49.8
"avgbs_cluster_7121.1.20","Mrg20",231.4
"avgbs_cluster_7121.1.63","Mrg20",231.4
"avgbs_cluster_7124.1.47","Mrg15",85.8
"avgbs_cluster_7124.1.53","Mrg15",85.8
"avgbs_cluster_7124.1.59","Mrg15",85.8
"avgbs_cluster_7158.1.40","Mrg01",110.8
"avgbs_cluster_7163.1.18","Mrg01",64.8
"avgbs_cluster_7163.1.47","Mrg01",64.8
"avgbs_cluster_7176.1.43","Mrg01",39.3
"avgbs_cluster_7184.1.64","Mrg15",6.7
"avgbs_cluster_7193.1.26","Mrg09",125.7
"avgbs_cluster_7196.1.6","Mrg12",102.6
"avgbs_cluster_7251.1.15","Mrg13",7.8
"avgbs_cluster_7251.1.34","Mrg13",7.8
"avgbs_cluster_7251.1.55","Mrg13",7.8
"avgbs_cluster_7265.1.52","Mrg09",36.2
"avgbs_cluster_7269.1.52","Mrg13",83.8
"avgbs_cluster_7269.1.64","Mrg13",83.8
"avgbs_cluster_727.1.21","Mrg01",64.8
"avgbs_cluster_727.1.31","Mrg01",64.8
"avgbs_cluster_7293.1.8","Mrg01",70.8
"avgbs_cluster_7383.1.6","Mrg09",111.7
"avgbs_cluster_7383.1.7","Mrg09",111.7
"avgbs_cluster_7423.1.63","Mrg12",29.5
"avgbs_cluster_743.1.10","Mrg03",56.4
"avgbs_cluster_743.1.60","Mrg03",56.3
"avgbs_cluster_7443.1.16","Mrg06",38
"avgbs_cluster_7443.1.32","Mrg06",38
"avgbs_cluster_7443.1.58","Mrg06",38
"avgbs_cluster_747.1.28","Mrg01",50.6
"avgbs_cluster_7493.1.44","Mrg01",93.5
"avgbs_cluster_75.1.57","Mrg06",63.2
"avgbs_cluster_7517.1.15","Mrg09",16.3
"avgbs_cluster_7522.1.63","Mrg13",49.9
"avgbs_cluster_7523.1.55","Mrg28",20.3
"avgbs_cluster_7613.1.11","Mrg28",61.4
"avgbs_cluster_7613.1.41","Mrg28",61.4
"avgbs_cluster_7614.1.16","Mrg21",205.3
"avgbs_cluster_7614.1.17","Mrg21",205.3
"avgbs_cluster_7643.1.8","Mrg18",60.3
"avgbs_cluster_7663.1.25","Mrg01",101.7
"avgbs_cluster_7668.1.35","Mrg18",18.1
"avgbs_cluster_7668.1.45","Mrg18",18.1
"avgbs_cluster_768.1.26","Mrg11",45.6
"avgbs_cluster_769.1.31","Mrg24",60.2
"avgbs_cluster_7691.1.34","Mrg11",21.9
"avgbs_cluster_7712.1.64","Mrg17",32.8
"avgbs_cluster_7714.1.6","Mrg03",46.3
"avgbs_cluster_7742.1.14","Mrg08",121.2
"avgbs_cluster_7743.1.44","Mrg24",36.1
"avgbs_cluster_775.1.11","Mrg08",150.9
"avgbs_cluster_7765.1.34","Mrg01",94.5
"avgbs_cluster_7777.1.55","Mrg20",226.6
"avgbs_cluster_7777.1.62","Mrg20",226.6
"avgbs_cluster_7777.1.63","Mrg20",226.6
"avgbs_cluster_78.1.63","Mrg09",56.5
"avgbs_cluster_7805.1.47","Mrg21",212.1
"avgbs_cluster_7805.1.59","Mrg21",212.1
"avgbs_cluster_7805.1.9","Mrg21",212.1
"avgbs_cluster_783.1.59","Mrg09",111.3
"avgbs_cluster_7851.1.29","Mrg17",108.9
"avgbs_cluster_7851.1.55","Mrg17",108.9
"avgbs_cluster_7944.1.54","Mrg01",23.8
"avgbs_cluster_7944.1.64","Mrg01",23.8
"avgbs_cluster_8007.1.17","Mrg03",6.4
"avgbs_cluster_8011.1.44","Mrg28",43.8
"avgbs_cluster_8014.1.48","Mrg11",68.6
"avgbs_cluster_803.1.26","Mrg20",20.4
"avgbs_cluster_8037.1.50","Mrg02",87.3
"avgbs_cluster_811.1.57","Mrg06",56.9
"avgbs_cluster_8123.1.11","Mrg01",109
"avgbs_cluster_8133.1.26","Mrg15",15
"avgbs_cluster_8133.1.8","Mrg15",14.4
"avgbs_cluster_8177.1.15","Mrg12",22
"avgbs_cluster_8177.1.49","Mrg12",22
"avgbs_cluster_8242.1.63","Mrg12",15.5
"avgbs_cluster_8242.1.64","Mrg12",15.5
"avgbs_cluster_8247.1.57","Mrg01",50.5
"avgbs_cluster_8247.1.59","Mrg01",50.5
"avgbs_cluster_831.1.23","Mrg03",25
"avgbs_cluster_831.1.34","Mrg03",25
"avgbs_cluster_831.1.38","Mrg03",25
"avgbs_cluster_8375.1.10","Mrg13",35.9
"avgbs_cluster_8387.1.29","Mrg12",15.9
"avgbs_cluster_8417.1.44","Mrg20",138.5
"avgbs_cluster_8417.1.56","Mrg20",138.5
"avgbs_cluster_8420.1.41","Mrg01",57.2
"avgbs_cluster_8461.1.38","Mrg02",72.1
"avgbs_cluster_848.1.17","Mrg23",40.7
"avgbs_cluster_848.1.64","Mrg23",40.7
"avgbs_cluster_8530.1.43","Mrg17",32.2
"avgbs_cluster_8535.1.25","Mrg21",197.1
"avgbs_cluster_8535.1.47","Mrg21",197.1
"avgbs_cluster_8535.1.48","Mrg21",197.1
"avgbs_cluster_8565.1.51","Mrg17",102.3
"avgbs_cluster_8576.1.32","Mrg23",49.5
"avgbs_cluster_8576.1.42","Mrg23",49.5
"avgbs_cluster_8579.1.21","Mrg03",83.8
"avgbs_cluster_8581.1.9","Mrg01",64.8
"avgbs_cluster_86.1.25","Mrg20",245.2
"avgbs_cluster_8612.1.13","Mrg05",56.5
"avgbs_cluster_862.1.54","Mrg18",40
"avgbs_cluster_862.1.57","Mrg18",40
"avgbs_cluster_8711.1.50","Mrg24",23.1
"avgbs_cluster_8713.1.18","Mrg03",25
"avgbs_cluster_8713.1.38","Mrg03",25
"avgbs_cluster_8713.1.6","Mrg03",25
"avgbs_cluster_8737.1.43","Mrg18",20.6
"avgbs_cluster_8737.1.48","Mrg18",20.6
"avgbs_cluster_8737.1.53","Mrg18",21.4
"avgbs_cluster_8814.1.32","Mrg17",83.6
"avgbs_cluster_8827.1.6","Mrg33",32.3
"avgbs_cluster_8844.1.24","Mrg21",27.3
"avgbs_cluster_8844.1.44","Mrg21",27.3
"avgbs_cluster_8856.1.57","Mrg21",122.8
"avgbs_cluster_8856.1.7","Mrg21",122.8
"avgbs_cluster_8860.1.28","Mrg09",13.8
"avgbs_cluster_8860.1.29","Mrg09",13.8
"avgbs_cluster_8860.1.33","Mrg09",13.8
"avgbs_cluster_8897.1.19","Mrg15",21.4
"avgbs_cluster_8924.1.7","Mrg05",57.3
"avgbs_cluster_8928.1.52","Mrg11",23
"avgbs_cluster_8951.1.59","Mrg21",178.3
"avgbs_cluster_897.1.22","Mrg17",33.2
"avgbs_cluster_9020.1.37","Mrg09",40.3
"avgbs_cluster_9083.1.20","Mrg17",83.6
"avgbs_cluster_9083.1.21","Mrg17",83.6
"avgbs_cluster_9083.1.45","Mrg17",89.4
"avgbs_cluster_9085.1.25","Mrg11",52.8
"avgbs_cluster_9085.1.56","Mrg11",52.8
"avgbs_cluster_91.1.51","Mrg18",14.7
"avgbs_cluster_9107.1.39","Mrg04",48.8
"avgbs_cluster_9110.1.30","Mrg04",23.8
"avgbs_cluster_9110.1.45","Mrg04",23.8
"avgbs_cluster_9143.1.15","Mrg03",9.7
"avgbs_cluster_9143.1.9","Mrg03",6.3
"avgbs_cluster_9144.1.12","Mrg12",51.8
"avgbs_cluster_9199.1.30","Mrg01",102.9
"avgbs_cluster_9246.1.12","Mrg33",57.8
"avgbs_cluster_9272.1.35","Mrg03",63.8
"avgbs_cluster_9272.1.44","Mrg03",63.8
"avgbs_cluster_9292.1.49","Mrg02",88.7
"avgbs_cluster_9300.1.17","Mrg15",50.3
"avgbs_cluster_9314.1.53","Mrg11",12.3
"avgbs_cluster_9314.1.54","Mrg11",12.3
"avgbs_cluster_9314.1.8","Mrg11",12.3
"avgbs_cluster_9315.1.25","Mrg23",12
"avgbs_cluster_934.1.19","Mrg03",77.8
"avgbs_cluster_9358.1.8","Mrg19",66.8
"avgbs_cluster_9365.1.36","Mrg08",77.1
"avgbs_cluster_937.1.23","Mrg04",45.9
"avgbs_cluster_9426.1.11","Mrg02",34.1
"avgbs_cluster_9427.1.26","Mrg03",25
"avgbs_cluster_9427.1.38","Mrg03",25
"avgbs_cluster_9427.1.8","Mrg03",25
"avgbs_cluster_9494.1.47","Mrg28",56.7
"avgbs_cluster_95.1.64","Mrg13",42.6
"avgbs_cluster_9500.1.6","Mrg13",49.9
"avgbs_cluster_9528.1.25","Mrg33",60.1
"avgbs_cluster_9528.1.7","Mrg33",60.1
"avgbs_cluster_9561.1.17","Mrg05",114.7
"avgbs_cluster_9592.1.62","Mrg09",98.1
"avgbs_cluster_96.1.63","Mrg17",24.7
"avgbs_cluster_962.1.6","Mrg03",65
"avgbs_cluster_9623.1.25","Mrg33",-7.9
"avgbs_cluster_9623.1.35","Mrg33",-7.9
"avgbs_cluster_9692.1.53","Mrg03",25
"avgbs_cluster_9713.1.26","Mrg08",176
"avgbs_cluster_9713.1.38","Mrg08",176
"avgbs_cluster_9713.1.61","Mrg08",176
"avgbs_cluster_9753.1.42","Mrg20",230.1
"avgbs_cluster_9804.1.19","Mrg19",64.2
"avgbs_cluster_9804.1.64","Mrg19",64.2
"avgbs_cluster_9832.1.49","Mrg09",103.8
"avgbs_cluster_9832.1.53","Mrg09",101.5
"avgbs_cluster_9835.1.19","Mrg15",33.5
"avgbs_cluster_9835.1.41","Mrg15",33.5
"avgbs_cluster_9856.1.59","Mrg19",49.8
"avgbs_cluster_9866.1.31","Mrg02",87.3
"avgbs_cluster_99.1.36","Mrg18",69.1
"avgbs_cluster_99.1.49","Mrg18",69.1
"avgbs_cluster_9912.1.62","Mrg18",7.4
"avgbs_cluster_9912.1.63","Mrg18",7.4
"avgbs_cluster_9912.1.64","Mrg18",7.4
"avgbs_cluster_9922.1.31","Mrg11",12.3
"avgbs_cluster_9941.1.34","Mrg01",94.6
"avgbs_cluster_9968.1.26","Mrg23",57.8
